"","date","party","vote_share"
"1","2021-10-25","Cs",5.27
"2","2021-10-26","Cs",5.27
"3","2021-10-27","Cs",5.27
"4","2021-10-28","Cs",5.27
"5","2021-10-29","Cs",5.27
"6","2021-10-30","Cs",5.27
"7","2021-10-31","Cs",5.27
"8","2021-11-01","Cs",5.27
"9","2021-11-02","Cs",5.27
"10","2021-11-03","Cs",5.27
"11","2021-11-04","Cs",5.27
"12","2021-11-05","Cs",5.27
"13","2021-11-06","Cs",5.27
"14","2021-11-07","Cs",5.27
"15","2021-11-08","Cs",5.27
"16","2021-11-09","Cs",5.27
"17","2021-11-10","Cs",5.27
"18","2021-11-11","Cs",5.27
"19","2021-11-12","Cs",6.18
"20","2021-11-13","Cs",6.18
"21","2021-11-14","Cs",6.18
"22","2021-11-15","Cs",6.18
"23","2021-11-16","Cs",6.18
"24","2021-11-17","Cs",6.18
"25","2021-11-18","Cs",6.18
"26","2021-11-19","Cs",6.18
"27","2021-11-20","Cs",6.18
"28","2021-11-21","Cs",6.18
"29","2021-11-22","Cs",6.18
"30","2021-11-23","Cs",6.18
"31","2021-11-24","Cs",6.18
"32","2021-11-25","Cs",6.18
"33","2021-11-26","Cs",6.18
"34","2021-11-27","Cs",6.18
"35","2021-11-28","Cs",6.18
"36","2021-11-29","Cs",6.18
"37","2021-11-30","Cs",6.18
"38","2021-12-01","Cs",6.18
"39","2021-12-02","Cs",6.18
"40","2021-12-03","Cs",6.18
"41","2021-12-04","Cs",6.18
"42","2021-12-05","Cs",6.18
"43","2021-12-06","Cs",6.18
"44","2021-12-07","Cs",6.18
"45","2021-12-08","Cs",6.18
"46","2021-12-09","Cs",6.18
"47","2021-12-10","Cs",6.18
"48","2021-12-11","Cs",6.18
"49","2021-12-12","Cs",6.18
"50","2021-12-13","Cs",6.18
"51","2021-12-14","Cs",6.18
"52","2021-12-15","Cs",5.06
"53","2021-12-16","Cs",5.06
"54","2021-12-17","Cs",5.06
"55","2021-12-18","Cs",5.06
"56","2021-12-19","Cs",5.06
"57","2021-12-20","Cs",5.17
"58","2021-12-20","Cs",5.17
"59","2021-12-21","Cs",5.09
"60","2021-12-22","Cs",4.94
"61","2021-12-23","Cs",4.97
"62","2021-12-23","Cs",4.97
"63","2021-12-23","Cs",4.97
"64","2021-12-24","Cs",4.97
"65","2021-12-25","Cs",4.97
"66","2021-12-26","Cs",4.91
"67","2021-12-27","Cs",4.91
"68","2021-12-28","Cs",4.91
"69","2021-12-29","Cs",4.91
"70","2021-12-30","Cs",4.91
"71","2021-12-31","Cs",4.91
"72","2022-01-01","Cs",4.91
"73","2022-01-02","Cs",4.86
"74","2022-01-03","Cs",4.86
"75","2022-01-04","Cs",4.86
"76","2022-01-05","Cs",4.86
"77","2022-01-06","Cs",4.87
"78","2022-01-07","Cs",4.92
"79","2022-01-08","Cs",4.92
"80","2022-01-09","Cs",4.9
"81","2022-01-10","Cs",4.9
"82","2022-01-11","Cs",4.9
"83","2022-01-12","Cs",4.9
"84","2022-01-13","Cs",4.9
"85","2022-01-14","Cs",4.36
"86","2022-01-15","Cs",4.36
"87","2022-01-16","Cs",4.37
"88","2022-01-17","Cs",4.37
"89","2022-01-18","Cs",4.38
"90","2022-01-19","Cs",4.31
"91","2022-01-20","Cs",4.31
"92","2022-01-21","Cs",4.22
"93","2022-01-21","Cs",4.22
"94","2022-01-22","Cs",5.28
"95","2022-01-23","Cs",5.27
"96","2022-01-24","Cs",5.17
"97","2022-01-25","Cs",4.46
"98","2022-01-25","Cs",4.46
"99","2022-01-25","Cs",4.46
"100","2022-01-26","Cs",4.46
"101","2022-01-27","Cs",4.46
"102","2022-01-28","Cs",4.38
"103","2022-01-29","Cs",4.38
"104","2022-01-30","Cs",4.4
"105","2022-01-31","Cs",4.74
"106","2022-01-31","Cs",4.74
"107","2022-02-01","Cs",4.71
"108","2022-02-01","Cs",4.71
"109","2022-02-02","Cs",5.2
"110","2022-02-02","Cs",5.2
"111","2022-02-02","Cs",5.2
"112","2022-02-03","Cs",4.96
"113","2022-02-03","Cs",4.96
"114","2022-02-03","Cs",4.96
"115","2022-02-04","Cs",4.87
"116","2022-02-04","Cs",4.87
"117","2022-02-05","Cs",4.9
"118","2022-02-06","Cs",4.91
"119","2022-02-07","Cs",4.91
"120","2021-10-25","PP",38.53
"121","2021-10-26","PP",38.53
"122","2021-10-27","PP",38.53
"123","2021-10-28","PP",38.53
"124","2021-10-29","PP",38.53
"125","2021-10-30","PP",38.53
"126","2021-10-31","PP",38.53
"127","2021-11-01","PP",38.52
"128","2021-11-02","PP",38.52
"129","2021-11-03","PP",38.52
"130","2021-11-04","PP",38.52
"131","2021-11-05","PP",38.52
"132","2021-11-06","PP",38.52
"133","2021-11-07","PP",38.52
"134","2021-11-08","PP",38.52
"135","2021-11-09","PP",38.52
"136","2021-11-10","PP",38.52
"137","2021-11-11","PP",38.52
"138","2021-11-12","PP",39.37
"139","2021-11-13","PP",39.37
"140","2021-11-14","PP",39.36
"141","2021-11-15","PP",39.36
"142","2021-11-16","PP",39.36
"143","2021-11-17","PP",39.36
"144","2021-11-18","PP",39.36
"145","2021-11-19","PP",39.36
"146","2021-11-20","PP",39.36
"147","2021-11-21","PP",39.36
"148","2021-11-22","PP",39.35
"149","2021-11-23","PP",39.35
"150","2021-11-24","PP",39.35
"151","2021-11-25","PP",39.35
"152","2021-11-26","PP",39.35
"153","2021-11-27","PP",39.34
"154","2021-11-28","PP",39.34
"155","2021-11-29","PP",39.34
"156","2021-11-30","PP",39.34
"157","2021-12-01","PP",39.33
"158","2021-12-02","PP",39.33
"159","2021-12-03","PP",39.33
"160","2021-12-04","PP",39.32
"161","2021-12-05","PP",39.32
"162","2021-12-06","PP",39.32
"163","2021-12-07","PP",39.31
"164","2021-12-08","PP",39.31
"165","2021-12-09","PP",39.3
"166","2021-12-10","PP",39.3
"167","2021-12-11","PP",39.29
"168","2021-12-12","PP",39.29
"169","2021-12-13","PP",39.28
"170","2021-12-14","PP",39.28
"171","2021-12-15","PP",39.81
"172","2021-12-16","PP",39.81
"173","2021-12-17","PP",39.8
"174","2021-12-18","PP",39.8
"175","2021-12-19","PP",39.79
"176","2021-12-20","PP",39.62
"177","2021-12-20","PP",39.62
"178","2021-12-21","PP",39.51
"179","2021-12-22","PP",39.31
"180","2021-12-23","PP",38.95
"181","2021-12-23","PP",38.95
"182","2021-12-23","PP",38.95
"183","2021-12-24","PP",38.94
"184","2021-12-25","PP",38.94
"185","2021-12-26","PP",38.53
"186","2021-12-27","PP",38.53
"187","2021-12-28","PP",38.52
"188","2021-12-29","PP",38.51
"189","2021-12-30","PP",38.5
"190","2021-12-31","PP",38.49
"191","2022-01-01","PP",38.48
"192","2022-01-02","PP",38.13
"193","2022-01-03","PP",38.12
"194","2022-01-04","PP",38.11
"195","2022-01-05","PP",38.1
"196","2022-01-06","PP",38.37
"197","2022-01-07","PP",38.38
"198","2022-01-08","PP",38.37
"199","2022-01-09","PP",38.1
"200","2022-01-10","PP",38.09
"201","2022-01-11","PP",38.08
"202","2022-01-12","PP",38.07
"203","2022-01-13","PP",38.06
"204","2022-01-14","PP",38.48
"205","2022-01-15","PP",38.47
"206","2022-01-16","PP",38.14
"207","2022-01-17","PP",38.12
"208","2022-01-18","PP",37.92
"209","2022-01-19","PP",37.48
"210","2022-01-20","PP",37.47
"211","2022-01-21","PP",37.14
"212","2022-01-21","PP",37.14
"213","2022-01-22","PP",35.38
"214","2022-01-23","PP",35.26
"215","2022-01-24","PP",35.18
"216","2022-01-25","PP",35.57
"217","2022-01-25","PP",35.57
"218","2022-01-25","PP",35.57
"219","2022-01-26","PP",35.56
"220","2022-01-27","PP",35.55
"221","2022-01-28","PP",35.99
"222","2022-01-29","PP",35.97
"223","2022-01-30","PP",35.78
"224","2022-01-31","PP",35.01
"225","2022-01-31","PP",35.01
"226","2022-02-01","PP",35.2
"227","2022-02-01","PP",35.2
"228","2022-02-02","PP",33.84
"229","2022-02-02","PP",33.84
"230","2022-02-02","PP",33.84
"231","2022-02-03","PP",34.04
"232","2022-02-03","PP",34.04
"233","2022-02-03","PP",34.04
"234","2022-02-04","PP",34.08
"235","2022-02-04","PP",34.08
"236","2022-02-05","PP",34.06
"237","2022-02-06","PP",33.97
"238","2022-02-07","PP",33.96
"239","2021-10-25","PSOE",30.4
"240","2021-10-26","PSOE",30.4
"241","2021-10-27","PSOE",30.4
"242","2021-10-28","PSOE",30.4
"243","2021-10-29","PSOE",30.4
"244","2021-10-30","PSOE",30.4
"245","2021-10-31","PSOE",30.4
"246","2021-11-01","PSOE",30.4
"247","2021-11-02","PSOE",30.41
"248","2021-11-03","PSOE",30.41
"249","2021-11-04","PSOE",30.41
"250","2021-11-05","PSOE",30.41
"251","2021-11-06","PSOE",30.41
"252","2021-11-07","PSOE",30.41
"253","2021-11-08","PSOE",30.41
"254","2021-11-09","PSOE",30.41
"255","2021-11-10","PSOE",30.41
"256","2021-11-11","PSOE",30.41
"257","2021-11-12","PSOE",30.87
"258","2021-11-13","PSOE",30.87
"259","2021-11-14","PSOE",30.87
"260","2021-11-15","PSOE",30.87
"261","2021-11-16","PSOE",30.87
"262","2021-11-17","PSOE",30.87
"263","2021-11-18","PSOE",30.87
"264","2021-11-19","PSOE",30.87
"265","2021-11-20","PSOE",30.87
"266","2021-11-21","PSOE",30.87
"267","2021-11-22","PSOE",30.87
"268","2021-11-23","PSOE",30.87
"269","2021-11-24","PSOE",30.87
"270","2021-11-25","PSOE",30.87
"271","2021-11-26","PSOE",30.87
"272","2021-11-27","PSOE",30.87
"273","2021-11-28","PSOE",30.87
"274","2021-11-29","PSOE",30.87
"275","2021-11-30","PSOE",30.87
"276","2021-12-01","PSOE",30.87
"277","2021-12-02","PSOE",30.87
"278","2021-12-03","PSOE",30.87
"279","2021-12-04","PSOE",30.87
"280","2021-12-05","PSOE",30.87
"281","2021-12-06","PSOE",30.87
"282","2021-12-07","PSOE",30.87
"283","2021-12-08","PSOE",30.86
"284","2021-12-09","PSOE",30.86
"285","2021-12-10","PSOE",30.86
"286","2021-12-11","PSOE",30.86
"287","2021-12-12","PSOE",30.86
"288","2021-12-13","PSOE",30.86
"289","2021-12-14","PSOE",30.85
"290","2021-12-15","PSOE",30.26
"291","2021-12-16","PSOE",30.26
"292","2021-12-17","PSOE",30.25
"293","2021-12-18","PSOE",30.25
"294","2021-12-19","PSOE",30.25
"295","2021-12-20","PSOE",29.93
"296","2021-12-20","PSOE",29.93
"297","2021-12-21","PSOE",30.88
"298","2021-12-22","PSOE",30.9
"299","2021-12-23","PSOE",30.58
"300","2021-12-23","PSOE",30.58
"301","2021-12-23","PSOE",30.58
"302","2021-12-24","PSOE",30.58
"303","2021-12-25","PSOE",30.57
"304","2021-12-26","PSOE",30.75
"305","2021-12-27","PSOE",30.74
"306","2021-12-28","PSOE",30.74
"307","2021-12-29","PSOE",30.73
"308","2021-12-30","PSOE",30.73
"309","2021-12-31","PSOE",30.73
"310","2022-01-01","PSOE",30.72
"311","2022-01-02","PSOE",30.84
"312","2022-01-03","PSOE",30.83
"313","2022-01-04","PSOE",30.83
"314","2022-01-05","PSOE",30.82
"315","2022-01-06","PSOE",30.52
"316","2022-01-07","PSOE",30.72
"317","2022-01-08","PSOE",30.71
"318","2022-01-09","PSOE",30.62
"319","2022-01-10","PSOE",30.61
"320","2022-01-11","PSOE",30.61
"321","2022-01-12","PSOE",30.6
"322","2022-01-13","PSOE",30.6
"323","2022-01-14","PSOE",30.03
"324","2022-01-15","PSOE",30.02
"325","2022-01-16","PSOE",29.93
"326","2022-01-17","PSOE",29.93
"327","2022-01-18","PSOE",29.86
"328","2022-01-19","PSOE",29.72
"329","2022-01-20","PSOE",29.71
"330","2022-01-21","PSOE",29.35
"331","2022-01-21","PSOE",29.35
"332","2022-01-22","PSOE",29.29
"333","2022-01-23","PSOE",29.24
"334","2022-01-24","PSOE",28.98
"335","2022-01-25","PSOE",28.31
"336","2022-01-25","PSOE",28.31
"337","2022-01-25","PSOE",28.31
"338","2022-01-26","PSOE",28.3
"339","2022-01-27","PSOE",28.3
"340","2022-01-28","PSOE",28.34
"341","2022-01-29","PSOE",28.34
"342","2022-01-30","PSOE",28.3
"343","2022-01-31","PSOE",28.51
"344","2022-01-31","PSOE",28.51
"345","2022-02-01","PSOE",28.47
"346","2022-02-01","PSOE",28.47
"347","2022-02-02","PSOE",28.48
"348","2022-02-02","PSOE",28.48
"349","2022-02-02","PSOE",28.48
"350","2022-02-03","PSOE",28.65
"351","2022-02-03","PSOE",28.65
"352","2022-02-03","PSOE",28.65
"353","2022-02-04","PSOE",28.56
"354","2022-02-04","PSOE",28.56
"355","2022-02-05","PSOE",28.54
"356","2022-02-06","PSOE",28.47
"357","2022-02-07","PSOE",28.47
"358","2021-10-25","UP",4.86
"359","2021-10-26","UP",4.86
"360","2021-10-27","UP",4.86
"361","2021-10-28","UP",4.87
"362","2021-10-29","UP",4.87
"363","2021-10-30","UP",4.87
"364","2021-10-31","UP",4.87
"365","2021-11-01","UP",4.87
"366","2021-11-02","UP",4.88
"367","2021-11-03","UP",4.88
"368","2021-11-04","UP",4.88
"369","2021-11-05","UP",4.88
"370","2021-11-06","UP",4.88
"371","2021-11-07","UP",4.89
"372","2021-11-08","UP",4.89
"373","2021-11-09","UP",4.89
"374","2021-11-10","UP",4.89
"375","2021-11-11","UP",4.89
"376","2021-11-12","UP",5.88
"377","2021-11-13","UP",5.88
"378","2021-11-14","UP",5.88
"379","2021-11-15","UP",5.88
"380","2021-11-16","UP",5.89
"381","2021-11-17","UP",5.89
"382","2021-11-18","UP",5.89
"383","2021-11-19","UP",5.89
"384","2021-11-20","UP",5.89
"385","2021-11-21","UP",5.9
"386","2021-11-22","UP",5.9
"387","2021-11-23","UP",5.9
"388","2021-11-24","UP",5.9
"389","2021-11-25","UP",5.91
"390","2021-11-26","UP",5.91
"391","2021-11-27","UP",5.91
"392","2021-11-28","UP",5.91
"393","2021-11-29","UP",5.91
"394","2021-11-30","UP",5.92
"395","2021-12-01","UP",5.92
"396","2021-12-02","UP",5.92
"397","2021-12-03","UP",5.92
"398","2021-12-04","UP",5.92
"399","2021-12-05","UP",5.93
"400","2021-12-06","UP",5.93
"401","2021-12-07","UP",5.93
"402","2021-12-08","UP",5.93
"403","2021-12-09","UP",5.93
"404","2021-12-10","UP",5.94
"405","2021-12-11","UP",5.94
"406","2021-12-12","UP",5.94
"407","2021-12-13","UP",5.94
"408","2021-12-14","UP",5.94
"409","2021-12-15","UP",6.21
"410","2021-12-16","UP",6.22
"411","2021-12-17","UP",6.22
"412","2021-12-18","UP",6.22
"413","2021-12-19","UP",6.22
"414","2021-12-20","UP",6.11
"415","2021-12-20","UP",6.11
"416","2021-12-21","UP",5.99
"417","2021-12-22","UP",6.02
"418","2021-12-23","UP",6.29
"419","2021-12-23","UP",6.29
"420","2021-12-23","UP",6.29
"421","2021-12-24","UP",6.29
"422","2021-12-25","UP",6.29
"423","2021-12-26","UP",6.25
"424","2021-12-27","UP",6.25
"425","2021-12-28","UP",6.25
"426","2021-12-29","UP",6.25
"427","2021-12-30","UP",6.25
"428","2021-12-31","UP",6.26
"429","2022-01-01","UP",6.26
"430","2022-01-02","UP",6.22
"431","2022-01-03","UP",6.22
"432","2022-01-04","UP",6.22
"433","2022-01-05","UP",6.22
"434","2022-01-06","UP",6.12
"435","2022-01-07","UP",6.29
"436","2022-01-08","UP",6.29
"437","2022-01-09","UP",6.31
"438","2022-01-10","UP",6.31
"439","2022-01-11","UP",6.31
"440","2022-01-12","UP",6.31
"441","2022-01-13","UP",6.31
"442","2022-01-14","UP",6.5
"443","2022-01-15","UP",6.5
"444","2022-01-16","UP",6.5
"445","2022-01-17","UP",6.5
"446","2022-01-18","UP",6.51
"447","2022-01-19","UP",6.63
"448","2022-01-20","UP",6.63
"449","2022-01-21","UP",6.72
"450","2022-01-21","UP",6.72
"451","2022-01-22","UP",7.22
"452","2022-01-23","UP",7.23
"453","2022-01-24","UP",7.18
"454","2022-01-25","UP",7.03
"455","2022-01-25","UP",7.03
"456","2022-01-25","UP",7.03
"457","2022-01-26","UP",7.03
"458","2022-01-27","UP",7.04
"459","2022-01-28","UP",6.93
"460","2022-01-29","UP",6.93
"461","2022-01-30","UP",6.98
"462","2022-01-31","UP",6.97
"463","2022-01-31","UP",6.97
"464","2022-02-01","UP",6.95
"465","2022-02-01","UP",6.95
"466","2022-02-02","UP",7.06
"467","2022-02-02","UP",7.06
"468","2022-02-02","UP",7.06
"469","2022-02-03","UP",7
"470","2022-02-03","UP",7
"471","2022-02-03","UP",7
"472","2022-02-04","UP",7.09
"473","2022-02-04","UP",7.09
"474","2022-02-05","UP",7.12
"475","2022-02-06","UP",7.16
"476","2022-02-07","UP",7.16
"477","2021-10-25","Vox",13.88
"478","2021-10-26","Vox",13.88
"479","2021-10-27","Vox",13.88
"480","2021-10-28","Vox",13.88
"481","2021-10-29","Vox",13.88
"482","2021-10-30","Vox",13.88
"483","2021-10-31","Vox",13.89
"484","2021-11-01","Vox",13.89
"485","2021-11-02","Vox",13.89
"486","2021-11-03","Vox",13.89
"487","2021-11-04","Vox",13.89
"488","2021-11-05","Vox",13.89
"489","2021-11-06","Vox",13.89
"490","2021-11-07","Vox",13.9
"491","2021-11-08","Vox",13.9
"492","2021-11-09","Vox",13.9
"493","2021-11-10","Vox",13.9
"494","2021-11-11","Vox",13.9
"495","2021-11-12","Vox",10.37
"496","2021-11-13","Vox",10.37
"497","2021-11-14","Vox",10.37
"498","2021-11-15","Vox",10.38
"499","2021-11-16","Vox",10.38
"500","2021-11-17","Vox",10.38
"501","2021-11-18","Vox",10.38
"502","2021-11-19","Vox",10.38
"503","2021-11-20","Vox",10.38
"504","2021-11-21","Vox",10.38
"505","2021-11-22","Vox",10.39
"506","2021-11-23","Vox",10.39
"507","2021-11-24","Vox",10.39
"508","2021-11-25","Vox",10.39
"509","2021-11-26","Vox",10.39
"510","2021-11-27","Vox",10.39
"511","2021-11-28","Vox",10.39
"512","2021-11-29","Vox",10.4
"513","2021-11-30","Vox",10.4
"514","2021-12-01","Vox",10.4
"515","2021-12-02","Vox",10.4
"516","2021-12-03","Vox",10.4
"517","2021-12-04","Vox",10.4
"518","2021-12-05","Vox",10.4
"519","2021-12-06","Vox",10.41
"520","2021-12-07","Vox",10.41
"521","2021-12-08","Vox",10.41
"522","2021-12-09","Vox",10.41
"523","2021-12-10","Vox",10.41
"524","2021-12-11","Vox",10.41
"525","2021-12-12","Vox",10.41
"526","2021-12-13","Vox",10.42
"527","2021-12-14","Vox",10.42
"528","2021-12-15","Vox",12.78
"529","2021-12-16","Vox",12.78
"530","2021-12-17","Vox",12.78
"531","2021-12-18","Vox",12.78
"532","2021-12-19","Vox",12.78
"533","2021-12-20","Vox",12.94
"534","2021-12-20","Vox",12.94
"535","2021-12-21","Vox",11.51
"536","2021-12-22","Vox",11.63
"537","2021-12-23","Vox",11.93
"538","2021-12-23","Vox",11.93
"539","2021-12-23","Vox",11.93
"540","2021-12-24","Vox",11.93
"541","2021-12-25","Vox",11.93
"542","2021-12-26","Vox",12.17
"543","2021-12-27","Vox",12.17
"544","2021-12-28","Vox",12.17
"545","2021-12-29","Vox",12.18
"546","2021-12-30","Vox",12.18
"547","2021-12-31","Vox",12.18
"548","2022-01-01","Vox",12.18
"549","2022-01-02","Vox",12.37
"550","2022-01-03","Vox",12.37
"551","2022-01-04","Vox",12.37
"552","2022-01-05","Vox",12.37
"553","2022-01-06","Vox",12.44
"554","2022-01-07","Vox",12.23
"555","2022-01-08","Vox",12.23
"556","2022-01-09","Vox",12.37
"557","2022-01-10","Vox",12.37
"558","2022-01-11","Vox",12.37
"559","2022-01-12","Vox",12.37
"560","2022-01-13","Vox",12.37
"561","2022-01-14","Vox",12.55
"562","2022-01-15","Vox",12.55
"563","2022-01-16","Vox",12.71
"564","2022-01-17","Vox",12.71
"565","2022-01-18","Vox",12.79
"566","2022-01-19","Vox",12.71
"567","2022-01-20","Vox",12.71
"568","2022-01-21","Vox",12.85
"569","2022-01-21","Vox",12.85
"570","2022-01-22","Vox",11.87
"571","2022-01-23","Vox",12.01
"572","2022-01-24","Vox",12.3
"573","2022-01-25","Vox",13.35
"574","2022-01-25","Vox",13.35
"575","2022-01-25","Vox",13.35
"576","2022-01-26","Vox",13.35
"577","2022-01-27","Vox",13.36
"578","2022-01-28","Vox",13.31
"579","2022-01-29","Vox",13.32
"580","2022-01-30","Vox",13.44
"581","2022-01-31","Vox",13.32
"582","2022-01-31","Vox",13.32
"583","2022-02-01","Vox",13.36
"584","2022-02-01","Vox",13.36
"585","2022-02-02","Vox",13.13
"586","2022-02-02","Vox",13.13
"587","2022-02-02","Vox",13.13
"588","2022-02-03","Vox",13.22
"589","2022-02-03","Vox",13.22
"590","2022-02-03","Vox",13.22
"591","2022-02-04","Vox",13.45
"592","2022-02-04","Vox",13.45
"593","2022-02-05","Vox",13.47
"594","2022-02-06","Vox",13.56
"595","2022-02-07","Vox",13.56
"596","2021-10-25","Cs.min",3.47
"597","2021-10-26","Cs.min",3.48
"598","2021-10-27","Cs.min",3.48
"599","2021-10-28","Cs.min",3.48
"600","2021-10-29","Cs.min",3.48
"601","2021-10-30","Cs.min",3.48
"602","2021-10-31","Cs.min",3.49
"603","2021-11-01","Cs.min",3.49
"604","2021-11-02","Cs.min",3.49
"605","2021-11-03","Cs.min",3.49
"606","2021-11-04","Cs.min",3.49
"607","2021-11-05","Cs.min",3.5
"608","2021-11-06","Cs.min",3.5
"609","2021-11-07","Cs.min",3.5
"610","2021-11-08","Cs.min",3.5
"611","2021-11-09","Cs.min",3.5
"612","2021-11-10","Cs.min",3.5
"613","2021-11-11","Cs.min",3.51
"614","2021-11-12","Cs.min",4.35
"615","2021-11-13","Cs.min",4.36
"616","2021-11-14","Cs.min",4.36
"617","2021-11-15","Cs.min",4.36
"618","2021-11-16","Cs.min",4.36
"619","2021-11-17","Cs.min",4.36
"620","2021-11-18","Cs.min",4.36
"621","2021-11-19","Cs.min",4.37
"622","2021-11-20","Cs.min",4.37
"623","2021-11-21","Cs.min",4.37
"624","2021-11-22","Cs.min",4.37
"625","2021-11-23","Cs.min",4.37
"626","2021-11-24","Cs.min",4.38
"627","2021-11-25","Cs.min",4.38
"628","2021-11-26","Cs.min",4.38
"629","2021-11-27","Cs.min",4.38
"630","2021-11-28","Cs.min",4.38
"631","2021-11-29","Cs.min",4.39
"632","2021-11-30","Cs.min",4.39
"633","2021-12-01","Cs.min",4.39
"634","2021-12-02","Cs.min",4.39
"635","2021-12-03","Cs.min",4.39
"636","2021-12-04","Cs.min",4.4
"637","2021-12-05","Cs.min",4.4
"638","2021-12-06","Cs.min",4.4
"639","2021-12-07","Cs.min",4.4
"640","2021-12-08","Cs.min",4.4
"641","2021-12-09","Cs.min",4.41
"642","2021-12-10","Cs.min",4.41
"643","2021-12-11","Cs.min",4.41
"644","2021-12-12","Cs.min",4.41
"645","2021-12-13","Cs.min",4.41
"646","2021-12-14","Cs.min",4.41
"647","2021-12-15","Cs.min",3.38
"648","2021-12-16","Cs.min",3.38
"649","2021-12-17","Cs.min",3.38
"650","2021-12-18","Cs.min",3.39
"651","2021-12-19","Cs.min",3.39
"652","2021-12-20","Cs.min",3.5
"653","2021-12-20","Cs.min",3.5
"654","2021-12-21","Cs.min",3.42
"655","2021-12-22","Cs.min",3.28
"656","2021-12-23","Cs.min",3.31
"657","2021-12-23","Cs.min",3.31
"658","2021-12-23","Cs.min",3.31
"659","2021-12-24","Cs.min",3.31
"660","2021-12-25","Cs.min",3.31
"661","2021-12-26","Cs.min",3.26
"662","2021-12-27","Cs.min",3.26
"663","2021-12-28","Cs.min",3.27
"664","2021-12-29","Cs.min",3.27
"665","2021-12-30","Cs.min",3.27
"666","2021-12-31","Cs.min",3.27
"667","2022-01-01","Cs.min",3.27
"668","2022-01-02","Cs.min",3.23
"669","2022-01-03","Cs.min",3.23
"670","2022-01-04","Cs.min",3.23
"671","2022-01-05","Cs.min",3.23
"672","2022-01-06","Cs.min",3.24
"673","2022-01-07","Cs.min",3.3
"674","2022-01-08","Cs.min",3.3
"675","2022-01-09","Cs.min",3.28
"676","2022-01-10","Cs.min",3.28
"677","2022-01-11","Cs.min",3.28
"678","2022-01-12","Cs.min",3.29
"679","2022-01-13","Cs.min",3.29
"680","2022-01-14","Cs.min",2.79
"681","2022-01-15","Cs.min",2.79
"682","2022-01-16","Cs.min",2.8
"683","2022-01-17","Cs.min",2.8
"684","2022-01-18","Cs.min",2.81
"685","2022-01-19","Cs.min",2.75
"686","2022-01-20","Cs.min",2.75
"687","2022-01-21","Cs.min",2.68
"688","2022-01-21","Cs.min",2.68
"689","2022-01-22","Cs.min",3.66
"690","2022-01-23","Cs.min",3.65
"691","2022-01-24","Cs.min",3.56
"692","2022-01-25","Cs.min",2.9
"693","2022-01-25","Cs.min",2.9
"694","2022-01-25","Cs.min",2.9
"695","2022-01-26","Cs.min",2.9
"696","2022-01-27","Cs.min",2.91
"697","2022-01-28","Cs.min",2.84
"698","2022-01-29","Cs.min",2.84
"699","2022-01-30","Cs.min",2.86
"700","2022-01-31","Cs.min",3.17
"701","2022-01-31","Cs.min",3.17
"702","2022-02-01","Cs.min",3.15
"703","2022-02-01","Cs.min",3.15
"704","2022-02-02","Cs.min",3.61
"705","2022-02-02","Cs.min",3.61
"706","2022-02-02","Cs.min",3.61
"707","2022-02-03","Cs.min",3.38
"708","2022-02-03","Cs.min",3.38
"709","2022-02-03","Cs.min",3.38
"710","2022-02-04","Cs.min",3.3
"711","2022-02-04","Cs.min",3.3
"712","2022-02-05","Cs.min",3.33
"713","2022-02-06","Cs.min",3.34
"714","2022-02-07","Cs.min",3.34
"715","2021-10-25","PP.min",34.28
"716","2021-10-26","PP.min",34.28
"717","2021-10-27","PP.min",34.28
"718","2021-10-28","PP.min",34.29
"719","2021-10-29","PP.min",34.29
"720","2021-10-30","PP.min",34.29
"721","2021-10-31","PP.min",34.29
"722","2021-11-01","PP.min",34.29
"723","2021-11-02","PP.min",34.29
"724","2021-11-03","PP.min",34.3
"725","2021-11-04","PP.min",34.3
"726","2021-11-05","PP.min",34.3
"727","2021-11-06","PP.min",34.3
"728","2021-11-07","PP.min",34.3
"729","2021-11-08","PP.min",34.3
"730","2021-11-09","PP.min",34.31
"731","2021-11-10","PP.min",34.31
"732","2021-11-11","PP.min",34.31
"733","2021-11-12","PP.min",35.09
"734","2021-11-13","PP.min",35.1
"735","2021-11-14","PP.min",35.1
"736","2021-11-15","PP.min",35.1
"737","2021-11-16","PP.min",35.1
"738","2021-11-17","PP.min",35.1
"739","2021-11-18","PP.min",35.1
"740","2021-11-19","PP.min",35.1
"741","2021-11-20","PP.min",35.1
"742","2021-11-21","PP.min",35.1
"743","2021-11-22","PP.min",35.1
"744","2021-11-23","PP.min",35.1
"745","2021-11-24","PP.min",35.1
"746","2021-11-25","PP.min",35.1
"747","2021-11-26","PP.min",35.1
"748","2021-11-27","PP.min",35.1
"749","2021-11-28","PP.min",35.1
"750","2021-11-29","PP.min",35.1
"751","2021-11-30","PP.min",35.1
"752","2021-12-01","PP.min",35.1
"753","2021-12-02","PP.min",35.1
"754","2021-12-03","PP.min",35.1
"755","2021-12-04","PP.min",35.1
"756","2021-12-05","PP.min",35.1
"757","2021-12-06","PP.min",35.09
"758","2021-12-07","PP.min",35.09
"759","2021-12-08","PP.min",35.09
"760","2021-12-09","PP.min",35.09
"761","2021-12-10","PP.min",35.09
"762","2021-12-11","PP.min",35.08
"763","2021-12-12","PP.min",35.08
"764","2021-12-13","PP.min",35.08
"765","2021-12-14","PP.min",35.07
"766","2021-12-15","PP.min",35.57
"767","2021-12-16","PP.min",35.57
"768","2021-12-17","PP.min",35.56
"769","2021-12-18","PP.min",35.56
"770","2021-12-19","PP.min",35.56
"771","2021-12-20","PP.min",35.4
"772","2021-12-20","PP.min",35.4
"773","2021-12-21","PP.min",35.31
"774","2021-12-22","PP.min",35.12
"775","2021-12-23","PP.min",34.79
"776","2021-12-23","PP.min",34.79
"777","2021-12-23","PP.min",34.79
"778","2021-12-24","PP.min",34.78
"779","2021-12-25","PP.min",34.78
"780","2021-12-26","PP.min",34.41
"781","2021-12-27","PP.min",34.4
"782","2021-12-28","PP.min",34.4
"783","2021-12-29","PP.min",34.39
"784","2021-12-30","PP.min",34.38
"785","2021-12-31","PP.min",34.38
"786","2022-01-01","PP.min",34.37
"787","2022-01-02","PP.min",34.05
"788","2022-01-03","PP.min",34.04
"789","2022-01-04","PP.min",34.04
"790","2022-01-05","PP.min",34.03
"791","2022-01-06","PP.min",34.28
"792","2022-01-07","PP.min",34.29
"793","2022-01-08","PP.min",34.28
"794","2022-01-09","PP.min",34.04
"795","2022-01-10","PP.min",34.03
"796","2022-01-11","PP.min",34.02
"797","2022-01-12","PP.min",34.01
"798","2022-01-13","PP.min",34
"799","2022-01-14","PP.min",34.39
"800","2022-01-15","PP.min",34.38
"801","2022-01-16","PP.min",34.08
"802","2022-01-17","PP.min",34.07
"803","2022-01-18","PP.min",33.89
"804","2022-01-19","PP.min",33.48
"805","2022-01-20","PP.min",33.47
"806","2022-01-21","PP.min",33.17
"807","2022-01-21","PP.min",33.17
"808","2022-01-22","PP.min",31.53
"809","2022-01-23","PP.min",31.43
"810","2022-01-24","PP.min",31.35
"811","2022-01-25","PP.min",31.72
"812","2022-01-25","PP.min",31.72
"813","2022-01-25","PP.min",31.72
"814","2022-01-26","PP.min",31.71
"815","2022-01-27","PP.min",31.7
"816","2022-01-28","PP.min",32.11
"817","2022-01-29","PP.min",32.1
"818","2022-01-30","PP.min",31.92
"819","2022-01-31","PP.min",31.22
"820","2022-01-31","PP.min",31.22
"821","2022-02-01","PP.min",31.39
"822","2022-02-01","PP.min",31.39
"823","2022-02-02","PP.min",30.13
"824","2022-02-02","PP.min",30.13
"825","2022-02-02","PP.min",30.13
"826","2022-02-03","PP.min",30.31
"827","2022-02-03","PP.min",30.31
"828","2022-02-03","PP.min",30.31
"829","2022-02-04","PP.min",30.36
"830","2022-02-04","PP.min",30.36
"831","2022-02-05","PP.min",30.34
"832","2022-02-06","PP.min",30.26
"833","2022-02-07","PP.min",30.25
"834","2021-10-25","PSOE.min",26.75
"835","2021-10-26","PSOE.min",26.75
"836","2021-10-27","PSOE.min",26.76
"837","2021-10-28","PSOE.min",26.76
"838","2021-10-29","PSOE.min",26.76
"839","2021-10-30","PSOE.min",26.77
"840","2021-10-31","PSOE.min",26.77
"841","2021-11-01","PSOE.min",26.77
"842","2021-11-02","PSOE.min",26.77
"843","2021-11-03","PSOE.min",26.78
"844","2021-11-04","PSOE.min",26.78
"845","2021-11-05","PSOE.min",26.78
"846","2021-11-06","PSOE.min",26.79
"847","2021-11-07","PSOE.min",26.79
"848","2021-11-08","PSOE.min",26.79
"849","2021-11-09","PSOE.min",26.79
"850","2021-11-10","PSOE.min",26.8
"851","2021-11-11","PSOE.min",26.8
"852","2021-11-12","PSOE.min",27.22
"853","2021-11-13","PSOE.min",27.23
"854","2021-11-14","PSOE.min",27.23
"855","2021-11-15","PSOE.min",27.23
"856","2021-11-16","PSOE.min",27.23
"857","2021-11-17","PSOE.min",27.24
"858","2021-11-18","PSOE.min",27.24
"859","2021-11-19","PSOE.min",27.24
"860","2021-11-20","PSOE.min",27.24
"861","2021-11-21","PSOE.min",27.24
"862","2021-11-22","PSOE.min",27.25
"863","2021-11-23","PSOE.min",27.25
"864","2021-11-24","PSOE.min",27.25
"865","2021-11-25","PSOE.min",27.25
"866","2021-11-26","PSOE.min",27.25
"867","2021-11-27","PSOE.min",27.26
"868","2021-11-28","PSOE.min",27.26
"869","2021-11-29","PSOE.min",27.26
"870","2021-11-30","PSOE.min",27.26
"871","2021-12-01","PSOE.min",27.26
"872","2021-12-02","PSOE.min",27.26
"873","2021-12-03","PSOE.min",27.26
"874","2021-12-04","PSOE.min",27.27
"875","2021-12-05","PSOE.min",27.27
"876","2021-12-06","PSOE.min",27.27
"877","2021-12-07","PSOE.min",27.27
"878","2021-12-08","PSOE.min",27.27
"879","2021-12-09","PSOE.min",27.27
"880","2021-12-10","PSOE.min",27.27
"881","2021-12-11","PSOE.min",27.27
"882","2021-12-12","PSOE.min",27.27
"883","2021-12-13","PSOE.min",27.27
"884","2021-12-14","PSOE.min",27.27
"885","2021-12-15","PSOE.min",26.72
"886","2021-12-16","PSOE.min",26.72
"887","2021-12-17","PSOE.min",26.72
"888","2021-12-18","PSOE.min",26.72
"889","2021-12-19","PSOE.min",26.72
"890","2021-12-20","PSOE.min",26.43
"891","2021-12-20","PSOE.min",26.43
"892","2021-12-21","PSOE.min",27.31
"893","2021-12-22","PSOE.min",27.33
"894","2021-12-23","PSOE.min",27.03
"895","2021-12-23","PSOE.min",27.03
"896","2021-12-23","PSOE.min",27.03
"897","2021-12-24","PSOE.min",27.03
"898","2021-12-25","PSOE.min",27.03
"899","2021-12-26","PSOE.min",27.2
"900","2021-12-27","PSOE.min",27.19
"901","2021-12-28","PSOE.min",27.19
"902","2021-12-29","PSOE.min",27.19
"903","2021-12-30","PSOE.min",27.19
"904","2021-12-31","PSOE.min",27.18
"905","2022-01-01","PSOE.min",27.18
"906","2022-01-02","PSOE.min",27.29
"907","2022-01-03","PSOE.min",27.29
"908","2022-01-04","PSOE.min",27.29
"909","2022-01-05","PSOE.min",27.28
"910","2022-01-06","PSOE.min",27
"911","2022-01-07","PSOE.min",27.19
"912","2022-01-08","PSOE.min",27.19
"913","2022-01-09","PSOE.min",27.1
"914","2022-01-10","PSOE.min",27.1
"915","2022-01-11","PSOE.min",27.1
"916","2022-01-12","PSOE.min",27.09
"917","2022-01-13","PSOE.min",27.09
"918","2022-01-14","PSOE.min",26.56
"919","2022-01-15","PSOE.min",26.56
"920","2022-01-16","PSOE.min",26.48
"921","2022-01-17","PSOE.min",26.48
"922","2022-01-18","PSOE.min",26.42
"923","2022-01-19","PSOE.min",26.29
"924","2022-01-20","PSOE.min",26.28
"925","2022-01-21","PSOE.min",25.95
"926","2022-01-21","PSOE.min",25.95
"927","2022-01-22","PSOE.min",25.9
"928","2022-01-23","PSOE.min",25.85
"929","2022-01-24","PSOE.min",25.61
"930","2022-01-25","PSOE.min",24.99
"931","2022-01-25","PSOE.min",24.99
"932","2022-01-25","PSOE.min",24.99
"933","2022-01-26","PSOE.min",24.99
"934","2022-01-27","PSOE.min",24.99
"935","2022-01-28","PSOE.min",25.03
"936","2022-01-29","PSOE.min",25.03
"937","2022-01-30","PSOE.min",25
"938","2022-01-31","PSOE.min",25.19
"939","2022-01-31","PSOE.min",25.19
"940","2022-02-01","PSOE.min",25.15
"941","2022-02-01","PSOE.min",25.15
"942","2022-02-02","PSOE.min",25.17
"943","2022-02-02","PSOE.min",25.17
"944","2022-02-02","PSOE.min",25.17
"945","2022-02-03","PSOE.min",25.33
"946","2022-02-03","PSOE.min",25.33
"947","2022-02-03","PSOE.min",25.33
"948","2022-02-04","PSOE.min",25.25
"949","2022-02-04","PSOE.min",25.25
"950","2022-02-05","PSOE.min",25.23
"951","2022-02-06","PSOE.min",25.17
"952","2022-02-07","PSOE.min",25.16
"953","2021-10-25","UP.min",3.1
"954","2021-10-26","UP.min",3.1
"955","2021-10-27","UP.min",3.1
"956","2021-10-28","UP.min",3.11
"957","2021-10-29","UP.min",3.11
"958","2021-10-30","UP.min",3.12
"959","2021-10-31","UP.min",3.12
"960","2021-11-01","UP.min",3.12
"961","2021-11-02","UP.min",3.13
"962","2021-11-03","UP.min",3.13
"963","2021-11-04","UP.min",3.13
"964","2021-11-05","UP.min",3.14
"965","2021-11-06","UP.min",3.14
"966","2021-11-07","UP.min",3.15
"967","2021-11-08","UP.min",3.15
"968","2021-11-09","UP.min",3.15
"969","2021-11-10","UP.min",3.16
"970","2021-11-11","UP.min",3.16
"971","2021-11-12","UP.min",4.08
"972","2021-11-13","UP.min",4.08
"973","2021-11-14","UP.min",4.08
"974","2021-11-15","UP.min",4.09
"975","2021-11-16","UP.min",4.09
"976","2021-11-17","UP.min",4.09
"977","2021-11-18","UP.min",4.1
"978","2021-11-19","UP.min",4.1
"979","2021-11-20","UP.min",4.11
"980","2021-11-21","UP.min",4.11
"981","2021-11-22","UP.min",4.11
"982","2021-11-23","UP.min",4.12
"983","2021-11-24","UP.min",4.12
"984","2021-11-25","UP.min",4.12
"985","2021-11-26","UP.min",4.13
"986","2021-11-27","UP.min",4.13
"987","2021-11-28","UP.min",4.14
"988","2021-11-29","UP.min",4.14
"989","2021-11-30","UP.min",4.14
"990","2021-12-01","UP.min",4.15
"991","2021-12-02","UP.min",4.15
"992","2021-12-03","UP.min",4.16
"993","2021-12-04","UP.min",4.16
"994","2021-12-05","UP.min",4.16
"995","2021-12-06","UP.min",4.17
"996","2021-12-07","UP.min",4.17
"997","2021-12-08","UP.min",4.17
"998","2021-12-09","UP.min",4.18
"999","2021-12-10","UP.min",4.18
"1000","2021-12-11","UP.min",4.19
"1001","2021-12-12","UP.min",4.19
"1002","2021-12-13","UP.min",4.19
"1003","2021-12-14","UP.min",4.2
"1004","2021-12-15","UP.min",4.45
"1005","2021-12-16","UP.min",4.45
"1006","2021-12-17","UP.min",4.46
"1007","2021-12-18","UP.min",4.46
"1008","2021-12-19","UP.min",4.46
"1009","2021-12-20","UP.min",4.37
"1010","2021-12-20","UP.min",4.37
"1011","2021-12-21","UP.min",4.25
"1012","2021-12-22","UP.min",4.28
"1013","2021-12-23","UP.min",4.53
"1014","2021-12-23","UP.min",4.53
"1015","2021-12-23","UP.min",4.53
"1016","2021-12-24","UP.min",4.54
"1017","2021-12-25","UP.min",4.54
"1018","2021-12-26","UP.min",4.5
"1019","2021-12-27","UP.min",4.5
"1020","2021-12-28","UP.min",4.51
"1021","2021-12-29","UP.min",4.51
"1022","2021-12-30","UP.min",4.52
"1023","2021-12-31","UP.min",4.52
"1024","2022-01-01","UP.min",4.52
"1025","2022-01-02","UP.min",4.49
"1026","2022-01-03","UP.min",4.49
"1027","2022-01-04","UP.min",4.49
"1028","2022-01-05","UP.min",4.5
"1029","2022-01-06","UP.min",4.41
"1030","2022-01-07","UP.min",4.56
"1031","2022-01-08","UP.min",4.57
"1032","2022-01-09","UP.min",4.58
"1033","2022-01-10","UP.min",4.59
"1034","2022-01-11","UP.min",4.59
"1035","2022-01-12","UP.min",4.59
"1036","2022-01-13","UP.min",4.6
"1037","2022-01-14","UP.min",4.77
"1038","2022-01-15","UP.min",4.77
"1039","2022-01-16","UP.min",4.77
"1040","2022-01-17","UP.min",4.78
"1041","2022-01-18","UP.min",4.79
"1042","2022-01-19","UP.min",4.9
"1043","2022-01-20","UP.min",4.9
"1044","2022-01-21","UP.min",4.99
"1045","2022-01-21","UP.min",4.99
"1046","2022-01-22","UP.min",5.45
"1047","2022-01-23","UP.min",5.47
"1048","2022-01-24","UP.min",5.42
"1049","2022-01-25","UP.min",5.29
"1050","2022-01-25","UP.min",5.29
"1051","2022-01-25","UP.min",5.29
"1052","2022-01-26","UP.min",5.29
"1053","2022-01-27","UP.min",5.29
"1054","2022-01-28","UP.min",5.2
"1055","2022-01-29","UP.min",5.2
"1056","2022-01-30","UP.min",5.25
"1057","2022-01-31","UP.min",5.24
"1058","2022-01-31","UP.min",5.24
"1059","2022-02-01","UP.min",5.22
"1060","2022-02-01","UP.min",5.22
"1061","2022-02-02","UP.min",5.33
"1062","2022-02-02","UP.min",5.33
"1063","2022-02-02","UP.min",5.33
"1064","2022-02-03","UP.min",5.27
"1065","2022-02-03","UP.min",5.27
"1066","2022-02-03","UP.min",5.27
"1067","2022-02-04","UP.min",5.36
"1068","2022-02-04","UP.min",5.36
"1069","2022-02-05","UP.min",5.39
"1070","2022-02-06","UP.min",5.43
"1071","2022-02-07","UP.min",5.43
"1072","2021-10-25","Vox.min",11.45
"1073","2021-10-26","Vox.min",11.45
"1074","2021-10-27","Vox.min",11.46
"1075","2021-10-28","Vox.min",11.46
"1076","2021-10-29","Vox.min",11.46
"1077","2021-10-30","Vox.min",11.47
"1078","2021-10-31","Vox.min",11.47
"1079","2021-11-01","Vox.min",11.47
"1080","2021-11-02","Vox.min",11.48
"1081","2021-11-03","Vox.min",11.48
"1082","2021-11-04","Vox.min",11.48
"1083","2021-11-05","Vox.min",11.49
"1084","2021-11-06","Vox.min",11.49
"1085","2021-11-07","Vox.min",11.49
"1086","2021-11-08","Vox.min",11.5
"1087","2021-11-09","Vox.min",11.5
"1088","2021-11-10","Vox.min",11.5
"1089","2021-11-11","Vox.min",11.5
"1090","2021-11-12","Vox.min",8.24
"1091","2021-11-13","Vox.min",8.24
"1092","2021-11-14","Vox.min",8.24
"1093","2021-11-15","Vox.min",8.25
"1094","2021-11-16","Vox.min",8.25
"1095","2021-11-17","Vox.min",8.25
"1096","2021-11-18","Vox.min",8.26
"1097","2021-11-19","Vox.min",8.26
"1098","2021-11-20","Vox.min",8.26
"1099","2021-11-21","Vox.min",8.27
"1100","2021-11-22","Vox.min",8.27
"1101","2021-11-23","Vox.min",8.27
"1102","2021-11-24","Vox.min",8.28
"1103","2021-11-25","Vox.min",8.28
"1104","2021-11-26","Vox.min",8.28
"1105","2021-11-27","Vox.min",8.29
"1106","2021-11-28","Vox.min",8.29
"1107","2021-11-29","Vox.min",8.29
"1108","2021-11-30","Vox.min",8.3
"1109","2021-12-01","Vox.min",8.3
"1110","2021-12-02","Vox.min",8.3
"1111","2021-12-03","Vox.min",8.31
"1112","2021-12-04","Vox.min",8.31
"1113","2021-12-05","Vox.min",8.31
"1114","2021-12-06","Vox.min",8.31
"1115","2021-12-07","Vox.min",8.32
"1116","2021-12-08","Vox.min",8.32
"1117","2021-12-09","Vox.min",8.32
"1118","2021-12-10","Vox.min",8.33
"1119","2021-12-11","Vox.min",8.33
"1120","2021-12-12","Vox.min",8.33
"1121","2021-12-13","Vox.min",8.34
"1122","2021-12-14","Vox.min",8.34
"1123","2021-12-15","Vox.min",10.53
"1124","2021-12-16","Vox.min",10.53
"1125","2021-12-17","Vox.min",10.54
"1126","2021-12-18","Vox.min",10.54
"1127","2021-12-19","Vox.min",10.54
"1128","2021-12-20","Vox.min",10.68
"1129","2021-12-20","Vox.min",10.68
"1130","2021-12-21","Vox.min",9.37
"1131","2021-12-22","Vox.min",9.48
"1132","2021-12-23","Vox.min",9.76
"1133","2021-12-23","Vox.min",9.76
"1134","2021-12-23","Vox.min",9.76
"1135","2021-12-24","Vox.min",9.76
"1136","2021-12-25","Vox.min",9.76
"1137","2021-12-26","Vox.min",9.99
"1138","2021-12-27","Vox.min",9.99
"1139","2021-12-28","Vox.min",10
"1140","2021-12-29","Vox.min",10
"1141","2021-12-30","Vox.min",10
"1142","2021-12-31","Vox.min",10
"1143","2022-01-01","Vox.min",10.01
"1144","2022-01-02","Vox.min",10.19
"1145","2022-01-03","Vox.min",10.19
"1146","2022-01-04","Vox.min",10.19
"1147","2022-01-05","Vox.min",10.2
"1148","2022-01-06","Vox.min",10.26
"1149","2022-01-07","Vox.min",10.07
"1150","2022-01-08","Vox.min",10.07
"1151","2022-01-09","Vox.min",10.2
"1152","2022-01-10","Vox.min",10.2
"1153","2022-01-11","Vox.min",10.2
"1154","2022-01-12","Vox.min",10.21
"1155","2022-01-13","Vox.min",10.21
"1156","2022-01-14","Vox.min",10.38
"1157","2022-01-15","Vox.min",10.38
"1158","2022-01-16","Vox.min",10.52
"1159","2022-01-17","Vox.min",10.53
"1160","2022-01-18","Vox.min",10.6
"1161","2022-01-19","Vox.min",10.54
"1162","2022-01-20","Vox.min",10.54
"1163","2022-01-21","Vox.min",10.67
"1164","2022-01-21","Vox.min",10.67
"1165","2022-01-22","Vox.min",9.76
"1166","2022-01-23","Vox.min",9.89
"1167","2022-01-24","Vox.min",10.17
"1168","2022-01-25","Vox.min",11.14
"1169","2022-01-25","Vox.min",11.14
"1170","2022-01-25","Vox.min",11.14
"1171","2022-01-26","Vox.min",11.14
"1172","2022-01-27","Vox.min",11.15
"1173","2022-01-28","Vox.min",11.11
"1174","2022-01-29","Vox.min",11.11
"1175","2022-01-30","Vox.min",11.23
"1176","2022-01-31","Vox.min",11.12
"1177","2022-01-31","Vox.min",11.12
"1178","2022-02-01","Vox.min",11.16
"1179","2022-02-01","Vox.min",11.16
"1180","2022-02-02","Vox.min",10.95
"1181","2022-02-02","Vox.min",10.95
"1182","2022-02-02","Vox.min",10.95
"1183","2022-02-03","Vox.min",11.04
"1184","2022-02-03","Vox.min",11.04
"1185","2022-02-03","Vox.min",11.04
"1186","2022-02-04","Vox.min",11.25
"1187","2022-02-04","Vox.min",11.25
"1188","2022-02-05","Vox.min",11.27
"1189","2022-02-06","Vox.min",11.35
"1190","2022-02-07","Vox.min",11.36
"1191","2021-10-25","Cs.max",7.06
"1192","2021-10-26","Cs.max",7.06
"1193","2021-10-27","Cs.max",7.06
"1194","2021-10-28","Cs.max",7.05
"1195","2021-10-29","Cs.max",7.05
"1196","2021-10-30","Cs.max",7.05
"1197","2021-10-31","Cs.max",7.05
"1198","2021-11-01","Cs.max",7.05
"1199","2021-11-02","Cs.max",7.04
"1200","2021-11-03","Cs.max",7.04
"1201","2021-11-04","Cs.max",7.04
"1202","2021-11-05","Cs.max",7.04
"1203","2021-11-06","Cs.max",7.04
"1204","2021-11-07","Cs.max",7.03
"1205","2021-11-08","Cs.max",7.03
"1206","2021-11-09","Cs.max",7.03
"1207","2021-11-10","Cs.max",7.03
"1208","2021-11-11","Cs.max",7.03
"1209","2021-11-12","Cs.max",8
"1210","2021-11-13","Cs.max",8
"1211","2021-11-14","Cs.max",8
"1212","2021-11-15","Cs.max",8
"1213","2021-11-16","Cs.max",8
"1214","2021-11-17","Cs.max",7.99
"1215","2021-11-18","Cs.max",7.99
"1216","2021-11-19","Cs.max",7.99
"1217","2021-11-20","Cs.max",7.99
"1218","2021-11-21","Cs.max",7.99
"1219","2021-11-22","Cs.max",7.98
"1220","2021-11-23","Cs.max",7.98
"1221","2021-11-24","Cs.max",7.98
"1222","2021-11-25","Cs.max",7.98
"1223","2021-11-26","Cs.max",7.98
"1224","2021-11-27","Cs.max",7.97
"1225","2021-11-28","Cs.max",7.97
"1226","2021-11-29","Cs.max",7.97
"1227","2021-11-30","Cs.max",7.97
"1228","2021-12-01","Cs.max",7.97
"1229","2021-12-02","Cs.max",7.97
"1230","2021-12-03","Cs.max",7.96
"1231","2021-12-04","Cs.max",7.96
"1232","2021-12-05","Cs.max",7.96
"1233","2021-12-06","Cs.max",7.96
"1234","2021-12-07","Cs.max",7.96
"1235","2021-12-08","Cs.max",7.95
"1236","2021-12-09","Cs.max",7.95
"1237","2021-12-10","Cs.max",7.95
"1238","2021-12-11","Cs.max",7.95
"1239","2021-12-12","Cs.max",7.95
"1240","2021-12-13","Cs.max",7.94
"1241","2021-12-14","Cs.max",7.94
"1242","2021-12-15","Cs.max",6.74
"1243","2021-12-16","Cs.max",6.74
"1244","2021-12-17","Cs.max",6.74
"1245","2021-12-18","Cs.max",6.73
"1246","2021-12-19","Cs.max",6.73
"1247","2021-12-20","Cs.max",6.85
"1248","2021-12-20","Cs.max",6.85
"1249","2021-12-21","Cs.max",6.77
"1250","2021-12-22","Cs.max",6.6
"1251","2021-12-23","Cs.max",6.62
"1252","2021-12-23","Cs.max",6.62
"1253","2021-12-23","Cs.max",6.62
"1254","2021-12-24","Cs.max",6.62
"1255","2021-12-25","Cs.max",6.62
"1256","2021-12-26","Cs.max",6.56
"1257","2021-12-27","Cs.max",6.56
"1258","2021-12-28","Cs.max",6.55
"1259","2021-12-29","Cs.max",6.55
"1260","2021-12-30","Cs.max",6.55
"1261","2021-12-31","Cs.max",6.55
"1262","2022-01-01","Cs.max",6.55
"1263","2022-01-02","Cs.max",6.49
"1264","2022-01-03","Cs.max",6.49
"1265","2022-01-04","Cs.max",6.48
"1266","2022-01-05","Cs.max",6.48
"1267","2022-01-06","Cs.max",6.49
"1268","2022-01-07","Cs.max",6.55
"1269","2022-01-08","Cs.max",6.55
"1270","2022-01-09","Cs.max",6.52
"1271","2022-01-10","Cs.max",6.52
"1272","2022-01-11","Cs.max",6.52
"1273","2022-01-12","Cs.max",6.51
"1274","2022-01-13","Cs.max",6.51
"1275","2022-01-14","Cs.max",5.93
"1276","2022-01-15","Cs.max",5.92
"1277","2022-01-16","Cs.max",5.94
"1278","2022-01-17","Cs.max",5.93
"1279","2022-01-18","Cs.max",5.94
"1280","2022-01-19","Cs.max",5.86
"1281","2022-01-20","Cs.max",5.86
"1282","2022-01-21","Cs.max",5.77
"1283","2022-01-21","Cs.max",5.77
"1284","2022-01-22","Cs.max",6.9
"1285","2022-01-23","Cs.max",6.89
"1286","2022-01-24","Cs.max",6.78
"1287","2022-01-25","Cs.max",6.02
"1288","2022-01-25","Cs.max",6.02
"1289","2022-01-25","Cs.max",6.02
"1290","2022-01-26","Cs.max",6.01
"1291","2022-01-27","Cs.max",6.01
"1292","2022-01-28","Cs.max",5.93
"1293","2022-01-29","Cs.max",5.93
"1294","2022-01-30","Cs.max",5.94
"1295","2022-01-31","Cs.max",6.3
"1296","2022-01-31","Cs.max",6.3
"1297","2022-02-01","Cs.max",6.27
"1298","2022-02-01","Cs.max",6.27
"1299","2022-02-02","Cs.max",6.8
"1300","2022-02-02","Cs.max",6.8
"1301","2022-02-02","Cs.max",6.8
"1302","2022-02-03","Cs.max",6.54
"1303","2022-02-03","Cs.max",6.54
"1304","2022-02-03","Cs.max",6.54
"1305","2022-02-04","Cs.max",6.44
"1306","2022-02-04","Cs.max",6.44
"1307","2022-02-05","Cs.max",6.47
"1308","2022-02-06","Cs.max",6.47
"1309","2022-02-07","Cs.max",6.47
"1310","2021-10-25","PP.max",42.77
"1311","2021-10-26","PP.max",42.77
"1312","2021-10-27","PP.max",42.77
"1313","2021-10-28","PP.max",42.76
"1314","2021-10-29","PP.max",42.76
"1315","2021-10-30","PP.max",42.76
"1316","2021-10-31","PP.max",42.76
"1317","2021-11-01","PP.max",42.76
"1318","2021-11-02","PP.max",42.75
"1319","2021-11-03","PP.max",42.75
"1320","2021-11-04","PP.max",42.75
"1321","2021-11-05","PP.max",42.75
"1322","2021-11-06","PP.max",42.75
"1323","2021-11-07","PP.max",42.74
"1324","2021-11-08","PP.max",42.74
"1325","2021-11-09","PP.max",42.74
"1326","2021-11-10","PP.max",42.74
"1327","2021-11-11","PP.max",42.73
"1328","2021-11-12","PP.max",43.64
"1329","2021-11-13","PP.max",43.64
"1330","2021-11-14","PP.max",43.63
"1331","2021-11-15","PP.max",43.63
"1332","2021-11-16","PP.max",43.63
"1333","2021-11-17","PP.max",43.62
"1334","2021-11-18","PP.max",43.62
"1335","2021-11-19","PP.max",43.62
"1336","2021-11-20","PP.max",43.61
"1337","2021-11-21","PP.max",43.61
"1338","2021-11-22","PP.max",43.61
"1339","2021-11-23","PP.max",43.6
"1340","2021-11-24","PP.max",43.6
"1341","2021-11-25","PP.max",43.6
"1342","2021-11-26","PP.max",43.59
"1343","2021-11-27","PP.max",43.59
"1344","2021-11-28","PP.max",43.58
"1345","2021-11-29","PP.max",43.58
"1346","2021-11-30","PP.max",43.57
"1347","2021-12-01","PP.max",43.57
"1348","2021-12-02","PP.max",43.56
"1349","2021-12-03","PP.max",43.56
"1350","2021-12-04","PP.max",43.55
"1351","2021-12-05","PP.max",43.55
"1352","2021-12-06","PP.max",43.54
"1353","2021-12-07","PP.max",43.53
"1354","2021-12-08","PP.max",43.53
"1355","2021-12-09","PP.max",43.52
"1356","2021-12-10","PP.max",43.51
"1357","2021-12-11","PP.max",43.51
"1358","2021-12-12","PP.max",43.5
"1359","2021-12-13","PP.max",43.49
"1360","2021-12-14","PP.max",43.48
"1361","2021-12-15","PP.max",44.06
"1362","2021-12-16","PP.max",44.05
"1363","2021-12-17","PP.max",44.04
"1364","2021-12-18","PP.max",44.03
"1365","2021-12-19","PP.max",44.02
"1366","2021-12-20","PP.max",43.84
"1367","2021-12-20","PP.max",43.84
"1368","2021-12-21","PP.max",43.72
"1369","2021-12-22","PP.max",43.5
"1370","2021-12-23","PP.max",43.12
"1371","2021-12-23","PP.max",43.12
"1372","2021-12-23","PP.max",43.12
"1373","2021-12-24","PP.max",43.11
"1374","2021-12-25","PP.max",43.09
"1375","2021-12-26","PP.max",42.66
"1376","2021-12-27","PP.max",42.65
"1377","2021-12-28","PP.max",42.64
"1378","2021-12-29","PP.max",42.63
"1379","2021-12-30","PP.max",42.62
"1380","2021-12-31","PP.max",42.6
"1381","2022-01-01","PP.max",42.59
"1382","2022-01-02","PP.max",42.22
"1383","2022-01-03","PP.max",42.21
"1384","2022-01-04","PP.max",42.19
"1385","2022-01-05","PP.max",42.18
"1386","2022-01-06","PP.max",42.47
"1387","2022-01-07","PP.max",42.47
"1388","2022-01-08","PP.max",42.46
"1389","2022-01-09","PP.max",42.17
"1390","2022-01-10","PP.max",42.16
"1391","2022-01-11","PP.max",42.14
"1392","2022-01-12","PP.max",42.13
"1393","2022-01-13","PP.max",42.12
"1394","2022-01-14","PP.max",42.56
"1395","2022-01-15","PP.max",42.55
"1396","2022-01-16","PP.max",42.19
"1397","2022-01-17","PP.max",42.18
"1398","2022-01-18","PP.max",41.96
"1399","2022-01-19","PP.max",41.48
"1400","2022-01-20","PP.max",41.47
"1401","2022-01-21","PP.max",41.11
"1402","2022-01-21","PP.max",41.11
"1403","2022-01-22","PP.max",39.22
"1404","2022-01-23","PP.max",39.09
"1405","2022-01-24","PP.max",39
"1406","2022-01-25","PP.max",39.42
"1407","2022-01-25","PP.max",39.42
"1408","2022-01-25","PP.max",39.42
"1409","2022-01-26","PP.max",39.41
"1410","2022-01-27","PP.max",39.39
"1411","2022-01-28","PP.max",39.86
"1412","2022-01-29","PP.max",39.85
"1413","2022-01-30","PP.max",39.63
"1414","2022-01-31","PP.max",38.81
"1415","2022-01-31","PP.max",38.81
"1416","2022-02-01","PP.max",39.01
"1417","2022-02-01","PP.max",39.01
"1418","2022-02-02","PP.max",37.55
"1419","2022-02-02","PP.max",37.55
"1420","2022-02-02","PP.max",37.55
"1421","2022-02-03","PP.max",37.76
"1422","2022-02-03","PP.max",37.76
"1423","2022-02-03","PP.max",37.76
"1424","2022-02-04","PP.max",37.81
"1425","2022-02-04","PP.max",37.81
"1426","2022-02-05","PP.max",37.78
"1427","2022-02-06","PP.max",37.68
"1428","2022-02-07","PP.max",37.66
"1429","2021-10-25","PSOE.max",34.04
"1430","2021-10-26","PSOE.max",34.04
"1431","2021-10-27","PSOE.max",34.04
"1432","2021-10-28","PSOE.max",34.04
"1433","2021-10-29","PSOE.max",34.04
"1434","2021-10-30","PSOE.max",34.04
"1435","2021-10-31","PSOE.max",34.04
"1436","2021-11-01","PSOE.max",34.04
"1437","2021-11-02","PSOE.max",34.04
"1438","2021-11-03","PSOE.max",34.04
"1439","2021-11-04","PSOE.max",34.04
"1440","2021-11-05","PSOE.max",34.03
"1441","2021-11-06","PSOE.max",34.03
"1442","2021-11-07","PSOE.max",34.03
"1443","2021-11-08","PSOE.max",34.03
"1444","2021-11-09","PSOE.max",34.03
"1445","2021-11-10","PSOE.max",34.03
"1446","2021-11-11","PSOE.max",34.03
"1447","2021-11-12","PSOE.max",34.52
"1448","2021-11-13","PSOE.max",34.52
"1449","2021-11-14","PSOE.max",34.51
"1450","2021-11-15","PSOE.max",34.51
"1451","2021-11-16","PSOE.max",34.51
"1452","2021-11-17","PSOE.max",34.51
"1453","2021-11-18","PSOE.max",34.51
"1454","2021-11-19","PSOE.max",34.51
"1455","2021-11-20","PSOE.max",34.5
"1456","2021-11-21","PSOE.max",34.5
"1457","2021-11-22","PSOE.max",34.5
"1458","2021-11-23","PSOE.max",34.5
"1459","2021-11-24","PSOE.max",34.5
"1460","2021-11-25","PSOE.max",34.5
"1461","2021-11-26","PSOE.max",34.49
"1462","2021-11-27","PSOE.max",34.49
"1463","2021-11-28","PSOE.max",34.49
"1464","2021-11-29","PSOE.max",34.49
"1465","2021-11-30","PSOE.max",34.48
"1466","2021-12-01","PSOE.max",34.48
"1467","2021-12-02","PSOE.max",34.48
"1468","2021-12-03","PSOE.max",34.48
"1469","2021-12-04","PSOE.max",34.47
"1470","2021-12-05","PSOE.max",34.47
"1471","2021-12-06","PSOE.max",34.47
"1472","2021-12-07","PSOE.max",34.46
"1473","2021-12-08","PSOE.max",34.46
"1474","2021-12-09","PSOE.max",34.46
"1475","2021-12-10","PSOE.max",34.45
"1476","2021-12-11","PSOE.max",34.45
"1477","2021-12-12","PSOE.max",34.45
"1478","2021-12-13","PSOE.max",34.44
"1479","2021-12-14","PSOE.max",34.44
"1480","2021-12-15","PSOE.max",33.79
"1481","2021-12-16","PSOE.max",33.79
"1482","2021-12-17","PSOE.max",33.79
"1483","2021-12-18","PSOE.max",33.78
"1484","2021-12-19","PSOE.max",33.78
"1485","2021-12-20","PSOE.max",33.43
"1486","2021-12-20","PSOE.max",33.43
"1487","2021-12-21","PSOE.max",34.45
"1488","2021-12-22","PSOE.max",34.47
"1489","2021-12-23","PSOE.max",34.13
"1490","2021-12-23","PSOE.max",34.13
"1491","2021-12-23","PSOE.max",34.13
"1492","2021-12-24","PSOE.max",34.12
"1493","2021-12-25","PSOE.max",34.12
"1494","2021-12-26","PSOE.max",34.3
"1495","2021-12-27","PSOE.max",34.29
"1496","2021-12-28","PSOE.max",34.29
"1497","2021-12-29","PSOE.max",34.28
"1498","2021-12-30","PSOE.max",34.27
"1499","2021-12-31","PSOE.max",34.27
"1500","2022-01-01","PSOE.max",34.26
"1501","2022-01-02","PSOE.max",34.38
"1502","2022-01-03","PSOE.max",34.38
"1503","2022-01-04","PSOE.max",34.37
"1504","2022-01-05","PSOE.max",34.36
"1505","2022-01-06","PSOE.max",34.03
"1506","2022-01-07","PSOE.max",34.24
"1507","2022-01-08","PSOE.max",34.24
"1508","2022-01-09","PSOE.max",34.14
"1509","2022-01-10","PSOE.max",34.13
"1510","2022-01-11","PSOE.max",34.12
"1511","2022-01-12","PSOE.max",34.11
"1512","2022-01-13","PSOE.max",34.1
"1513","2022-01-14","PSOE.max",33.49
"1514","2022-01-15","PSOE.max",33.48
"1515","2022-01-16","PSOE.max",33.39
"1516","2022-01-17","PSOE.max",33.38
"1517","2022-01-18","PSOE.max",33.31
"1518","2022-01-19","PSOE.max",33.15
"1519","2022-01-20","PSOE.max",33.14
"1520","2022-01-21","PSOE.max",32.75
"1521","2022-01-21","PSOE.max",32.75
"1522","2022-01-22","PSOE.max",32.69
"1523","2022-01-23","PSOE.max",32.63
"1524","2022-01-24","PSOE.max",32.34
"1525","2022-01-25","PSOE.max",31.62
"1526","2022-01-25","PSOE.max",31.62
"1527","2022-01-25","PSOE.max",31.62
"1528","2022-01-26","PSOE.max",31.62
"1529","2022-01-27","PSOE.max",31.61
"1530","2022-01-28","PSOE.max",31.66
"1531","2022-01-29","PSOE.max",31.65
"1532","2022-01-30","PSOE.max",31.61
"1533","2022-01-31","PSOE.max",31.83
"1534","2022-01-31","PSOE.max",31.83
"1535","2022-02-01","PSOE.max",31.78
"1536","2022-02-01","PSOE.max",31.78
"1537","2022-02-02","PSOE.max",31.79
"1538","2022-02-02","PSOE.max",31.79
"1539","2022-02-02","PSOE.max",31.79
"1540","2022-02-03","PSOE.max",31.98
"1541","2022-02-03","PSOE.max",31.98
"1542","2022-02-03","PSOE.max",31.98
"1543","2022-02-04","PSOE.max",31.88
"1544","2022-02-04","PSOE.max",31.88
"1545","2022-02-05","PSOE.max",31.85
"1546","2022-02-06","PSOE.max",31.77
"1547","2022-02-07","PSOE.max",31.77
"1548","2021-10-25","UP.max",6.62
"1549","2021-10-26","UP.max",6.62
"1550","2021-10-27","UP.max",6.62
"1551","2021-10-28","UP.max",6.62
"1552","2021-10-29","UP.max",6.62
"1553","2021-10-30","UP.max",6.62
"1554","2021-10-31","UP.max",6.62
"1555","2021-11-01","UP.max",6.62
"1556","2021-11-02","UP.max",6.62
"1557","2021-11-03","UP.max",6.62
"1558","2021-11-04","UP.max",6.62
"1559","2021-11-05","UP.max",6.62
"1560","2021-11-06","UP.max",6.62
"1561","2021-11-07","UP.max",6.62
"1562","2021-11-08","UP.max",6.62
"1563","2021-11-09","UP.max",6.63
"1564","2021-11-10","UP.max",6.63
"1565","2021-11-11","UP.max",6.63
"1566","2021-11-12","UP.max",7.68
"1567","2021-11-13","UP.max",7.68
"1568","2021-11-14","UP.max",7.68
"1569","2021-11-15","UP.max",7.68
"1570","2021-11-16","UP.max",7.68
"1571","2021-11-17","UP.max",7.68
"1572","2021-11-18","UP.max",7.68
"1573","2021-11-19","UP.max",7.68
"1574","2021-11-20","UP.max",7.68
"1575","2021-11-21","UP.max",7.68
"1576","2021-11-22","UP.max",7.68
"1577","2021-11-23","UP.max",7.68
"1578","2021-11-24","UP.max",7.68
"1579","2021-11-25","UP.max",7.69
"1580","2021-11-26","UP.max",7.69
"1581","2021-11-27","UP.max",7.69
"1582","2021-11-28","UP.max",7.69
"1583","2021-11-29","UP.max",7.69
"1584","2021-11-30","UP.max",7.69
"1585","2021-12-01","UP.max",7.69
"1586","2021-12-02","UP.max",7.69
"1587","2021-12-03","UP.max",7.69
"1588","2021-12-04","UP.max",7.69
"1589","2021-12-05","UP.max",7.69
"1590","2021-12-06","UP.max",7.69
"1591","2021-12-07","UP.max",7.69
"1592","2021-12-08","UP.max",7.69
"1593","2021-12-09","UP.max",7.69
"1594","2021-12-10","UP.max",7.69
"1595","2021-12-11","UP.max",7.69
"1596","2021-12-12","UP.max",7.69
"1597","2021-12-13","UP.max",7.69
"1598","2021-12-14","UP.max",7.69
"1599","2021-12-15","UP.max",7.98
"1600","2021-12-16","UP.max",7.98
"1601","2021-12-17","UP.max",7.98
"1602","2021-12-18","UP.max",7.98
"1603","2021-12-19","UP.max",7.98
"1604","2021-12-20","UP.max",7.86
"1605","2021-12-20","UP.max",7.86
"1606","2021-12-21","UP.max",7.73
"1607","2021-12-22","UP.max",7.76
"1608","2021-12-23","UP.max",8.04
"1609","2021-12-23","UP.max",8.04
"1610","2021-12-23","UP.max",8.04
"1611","2021-12-24","UP.max",8.04
"1612","2021-12-25","UP.max",8.04
"1613","2021-12-26","UP.max",7.99
"1614","2021-12-27","UP.max",7.99
"1615","2021-12-28","UP.max",7.99
"1616","2021-12-29","UP.max",7.99
"1617","2021-12-30","UP.max",7.99
"1618","2021-12-31","UP.max",7.99
"1619","2022-01-01","UP.max",7.99
"1620","2022-01-02","UP.max",7.95
"1621","2022-01-03","UP.max",7.95
"1622","2022-01-04","UP.max",7.95
"1623","2022-01-05","UP.max",7.95
"1624","2022-01-06","UP.max",7.84
"1625","2022-01-07","UP.max",8.02
"1626","2022-01-08","UP.max",8.02
"1627","2022-01-09","UP.max",8.03
"1628","2022-01-10","UP.max",8.03
"1629","2022-01-11","UP.max",8.03
"1630","2022-01-12","UP.max",8.03
"1631","2022-01-13","UP.max",8.03
"1632","2022-01-14","UP.max",8.22
"1633","2022-01-15","UP.max",8.23
"1634","2022-01-16","UP.max",8.22
"1635","2022-01-17","UP.max",8.22
"1636","2022-01-18","UP.max",8.23
"1637","2022-01-19","UP.max",8.35
"1638","2022-01-20","UP.max",8.35
"1639","2022-01-21","UP.max",8.45
"1640","2022-01-21","UP.max",8.45
"1641","2022-01-22","UP.max",8.98
"1642","2022-01-23","UP.max",8.99
"1643","2022-01-24","UP.max",8.94
"1644","2022-01-25","UP.max",8.78
"1645","2022-01-25","UP.max",8.78
"1646","2022-01-25","UP.max",8.78
"1647","2022-01-26","UP.max",8.78
"1648","2022-01-27","UP.max",8.78
"1649","2022-01-28","UP.max",8.66
"1650","2022-01-29","UP.max",8.66
"1651","2022-01-30","UP.max",8.71
"1652","2022-01-31","UP.max",8.7
"1653","2022-01-31","UP.max",8.7
"1654","2022-02-01","UP.max",8.68
"1655","2022-02-01","UP.max",8.68
"1656","2022-02-02","UP.max",8.8
"1657","2022-02-02","UP.max",8.8
"1658","2022-02-02","UP.max",8.8
"1659","2022-02-03","UP.max",8.73
"1660","2022-02-03","UP.max",8.73
"1661","2022-02-03","UP.max",8.73
"1662","2022-02-04","UP.max",8.83
"1663","2022-02-04","UP.max",8.83
"1664","2022-02-05","UP.max",8.85
"1665","2022-02-06","UP.max",8.89
"1666","2022-02-07","UP.max",8.89
"1667","2021-10-25","Vox.max",16.31
"1668","2021-10-26","Vox.max",16.3
"1669","2021-10-27","Vox.max",16.3
"1670","2021-10-28","Vox.max",16.3
"1671","2021-10-29","Vox.max",16.3
"1672","2021-10-30","Vox.max",16.3
"1673","2021-10-31","Vox.max",16.3
"1674","2021-11-01","Vox.max",16.3
"1675","2021-11-02","Vox.max",16.3
"1676","2021-11-03","Vox.max",16.3
"1677","2021-11-04","Vox.max",16.3
"1678","2021-11-05","Vox.max",16.3
"1679","2021-11-06","Vox.max",16.3
"1680","2021-11-07","Vox.max",16.3
"1681","2021-11-08","Vox.max",16.3
"1682","2021-11-09","Vox.max",16.3
"1683","2021-11-10","Vox.max",16.3
"1684","2021-11-11","Vox.max",16.3
"1685","2021-11-12","Vox.max",12.51
"1686","2021-11-13","Vox.max",12.51
"1687","2021-11-14","Vox.max",12.51
"1688","2021-11-15","Vox.max",12.51
"1689","2021-11-16","Vox.max",12.5
"1690","2021-11-17","Vox.max",12.5
"1691","2021-11-18","Vox.max",12.5
"1692","2021-11-19","Vox.max",12.5
"1693","2021-11-20","Vox.max",12.5
"1694","2021-11-21","Vox.max",12.5
"1695","2021-11-22","Vox.max",12.5
"1696","2021-11-23","Vox.max",12.5
"1697","2021-11-24","Vox.max",12.5
"1698","2021-11-25","Vox.max",12.5
"1699","2021-11-26","Vox.max",12.5
"1700","2021-11-27","Vox.max",12.5
"1701","2021-11-28","Vox.max",12.5
"1702","2021-11-29","Vox.max",12.5
"1703","2021-11-30","Vox.max",12.5
"1704","2021-12-01","Vox.max",12.5
"1705","2021-12-02","Vox.max",12.5
"1706","2021-12-03","Vox.max",12.5
"1707","2021-12-04","Vox.max",12.5
"1708","2021-12-05","Vox.max",12.5
"1709","2021-12-06","Vox.max",12.5
"1710","2021-12-07","Vox.max",12.5
"1711","2021-12-08","Vox.max",12.5
"1712","2021-12-09","Vox.max",12.5
"1713","2021-12-10","Vox.max",12.49
"1714","2021-12-11","Vox.max",12.49
"1715","2021-12-12","Vox.max",12.49
"1716","2021-12-13","Vox.max",12.49
"1717","2021-12-14","Vox.max",12.49
"1718","2021-12-15","Vox.max",15.03
"1719","2021-12-16","Vox.max",15.03
"1720","2021-12-17","Vox.max",15.03
"1721","2021-12-18","Vox.max",15.03
"1722","2021-12-19","Vox.max",15.02
"1723","2021-12-20","Vox.max",15.19
"1724","2021-12-20","Vox.max",15.19
"1725","2021-12-21","Vox.max",13.66
"1726","2021-12-22","Vox.max",13.78
"1727","2021-12-23","Vox.max",14.1
"1728","2021-12-23","Vox.max",14.1
"1729","2021-12-23","Vox.max",14.1
"1730","2021-12-24","Vox.max",14.1
"1731","2021-12-25","Vox.max",14.1
"1732","2021-12-26","Vox.max",14.35
"1733","2021-12-27","Vox.max",14.35
"1734","2021-12-28","Vox.max",14.35
"1735","2021-12-29","Vox.max",14.35
"1736","2021-12-30","Vox.max",14.35
"1737","2021-12-31","Vox.max",14.35
"1738","2022-01-01","Vox.max",14.35
"1739","2022-01-02","Vox.max",14.55
"1740","2022-01-03","Vox.max",14.55
"1741","2022-01-04","Vox.max",14.55
"1742","2022-01-05","Vox.max",14.55
"1743","2022-01-06","Vox.max",14.63
"1744","2022-01-07","Vox.max",14.39
"1745","2022-01-08","Vox.max",14.39
"1746","2022-01-09","Vox.max",14.54
"1747","2022-01-10","Vox.max",14.54
"1748","2022-01-11","Vox.max",14.54
"1749","2022-01-12","Vox.max",14.54
"1750","2022-01-13","Vox.max",14.54
"1751","2022-01-14","Vox.max",14.73
"1752","2022-01-15","Vox.max",14.73
"1753","2022-01-16","Vox.max",14.89
"1754","2022-01-17","Vox.max",14.89
"1755","2022-01-18","Vox.max",14.97
"1756","2022-01-19","Vox.max",14.89
"1757","2022-01-20","Vox.max",14.89
"1758","2022-01-21","Vox.max",15.04
"1759","2022-01-21","Vox.max",15.04
"1760","2022-01-22","Vox.max",13.98
"1761","2022-01-23","Vox.max",14.13
"1762","2022-01-24","Vox.max",14.44
"1763","2022-01-25","Vox.max",15.57
"1764","2022-01-25","Vox.max",15.57
"1765","2022-01-25","Vox.max",15.57
"1766","2022-01-26","Vox.max",15.56
"1767","2022-01-27","Vox.max",15.56
"1768","2022-01-28","Vox.max",15.52
"1769","2022-01-29","Vox.max",15.52
"1770","2022-01-30","Vox.max",15.65
"1771","2022-01-31","Vox.max",15.52
"1772","2022-01-31","Vox.max",15.52
"1773","2022-02-01","Vox.max",15.56
"1774","2022-02-01","Vox.max",15.56
"1775","2022-02-02","Vox.max",15.31
"1776","2022-02-02","Vox.max",15.31
"1777","2022-02-02","Vox.max",15.31
"1778","2022-02-03","Vox.max",15.41
"1779","2022-02-03","Vox.max",15.41
"1780","2022-02-03","Vox.max",15.41
"1781","2022-02-04","Vox.max",15.65
"1782","2022-02-04","Vox.max",15.65
"1783","2022-02-05","Vox.max",15.66
"1784","2022-02-06","Vox.max",15.76
"1785","2022-02-07","Vox.max",15.76
"1786","2021-10-25","Cs.enc",5.3
"1787","2021-10-26","Cs.enc",NA
"1788","2021-10-27","Cs.enc",NA
"1789","2021-10-28","Cs.enc",NA
"1790","2021-10-29","Cs.enc",NA
"1791","2021-10-30","Cs.enc",NA
"1792","2021-10-31","Cs.enc",NA
"1793","2021-11-01","Cs.enc",NA
"1794","2021-11-02","Cs.enc",NA
"1795","2021-11-03","Cs.enc",NA
"1796","2021-11-04","Cs.enc",NA
"1797","2021-11-05","Cs.enc",NA
"1798","2021-11-06","Cs.enc",NA
"1799","2021-11-07","Cs.enc",NA
"1800","2021-11-08","Cs.enc",NA
"1801","2021-11-09","Cs.enc",NA
"1802","2021-11-10","Cs.enc",NA
"1803","2021-11-11","Cs.enc",NA
"1804","2021-11-12","Cs.enc",6.7
"1805","2021-11-13","Cs.enc",NA
"1806","2021-11-14","Cs.enc",NA
"1807","2021-11-15","Cs.enc",NA
"1808","2021-11-16","Cs.enc",NA
"1809","2021-11-17","Cs.enc",NA
"1810","2021-11-18","Cs.enc",NA
"1811","2021-11-19","Cs.enc",NA
"1812","2021-11-20","Cs.enc",NA
"1813","2021-11-21","Cs.enc",NA
"1814","2021-11-22","Cs.enc",NA
"1815","2021-11-23","Cs.enc",NA
"1816","2021-11-24","Cs.enc",NA
"1817","2021-11-25","Cs.enc",NA
"1818","2021-11-26","Cs.enc",NA
"1819","2021-11-27","Cs.enc",NA
"1820","2021-11-28","Cs.enc",NA
"1821","2021-11-29","Cs.enc",NA
"1822","2021-11-30","Cs.enc",NA
"1823","2021-12-01","Cs.enc",NA
"1824","2021-12-02","Cs.enc",NA
"1825","2021-12-03","Cs.enc",NA
"1826","2021-12-04","Cs.enc",NA
"1827","2021-12-05","Cs.enc",NA
"1828","2021-12-06","Cs.enc",NA
"1829","2021-12-07","Cs.enc",NA
"1830","2021-12-08","Cs.enc",NA
"1831","2021-12-09","Cs.enc",NA
"1832","2021-12-10","Cs.enc",NA
"1833","2021-12-11","Cs.enc",NA
"1834","2021-12-12","Cs.enc",NA
"1835","2021-12-13","Cs.enc",NA
"1836","2021-12-14","Cs.enc",NA
"1837","2021-12-15","Cs.enc",4.7
"1838","2021-12-16","Cs.enc",NA
"1839","2021-12-17","Cs.enc",NA
"1840","2021-12-18","Cs.enc",NA
"1841","2021-12-19","Cs.enc",NA
"1842","2021-12-20","Cs.enc",5.6
"1843","2021-12-20","Cs.enc",4.7
"1844","2021-12-21","Cs.enc",5
"1845","2021-12-22","Cs.enc",4.2
"1846","2021-12-23","Cs.enc",4.5
"1847","2021-12-23","Cs.enc",5.1
"1848","2021-12-23","Cs.enc",5.1
"1849","2021-12-24","Cs.enc",NA
"1850","2021-12-25","Cs.enc",NA
"1851","2021-12-26","Cs.enc",4.4
"1852","2021-12-27","Cs.enc",NA
"1853","2021-12-28","Cs.enc",NA
"1854","2021-12-29","Cs.enc",NA
"1855","2021-12-30","Cs.enc",NA
"1856","2021-12-31","Cs.enc",NA
"1857","2022-01-01","Cs.enc",NA
"1858","2022-01-02","Cs.enc",4.3
"1859","2022-01-03","Cs.enc",NA
"1860","2022-01-04","Cs.enc",NA
"1861","2022-01-05","Cs.enc",NA
"1862","2022-01-06","Cs.enc",4.9
"1863","2022-01-07","Cs.enc",5.2
"1864","2022-01-08","Cs.enc",NA
"1865","2022-01-09","Cs.enc",4.6
"1866","2022-01-10","Cs.enc",NA
"1867","2022-01-11","Cs.enc",NA
"1868","2022-01-12","Cs.enc",NA
"1869","2022-01-13","Cs.enc",NA
"1870","2022-01-14","Cs.enc",2.6
"1871","2022-01-15","Cs.enc",NA
"1872","2022-01-16","Cs.enc",4.5
"1873","2022-01-17","Cs.enc",NA
"1874","2022-01-18","Cs.enc",4.5
"1875","2022-01-19","Cs.enc",3.8
"1876","2022-01-20","Cs.enc",NA
"1877","2022-01-21","Cs.enc",4.6
"1878","2022-01-21","Cs.enc",3.1
"1879","2022-01-22","Cs.enc",7.9
"1880","2022-01-23","Cs.enc",4.9
"1881","2022-01-24","Cs.enc",4.5
"1882","2022-01-25","Cs.enc",5.1
"1883","2022-01-25","Cs.enc",3.5
"1884","2022-01-25","Cs.enc",5
"1885","2022-01-26","Cs.enc",NA
"1886","2022-01-27","Cs.enc",NA
"1887","2022-01-28","Cs.enc",3.9
"1888","2022-01-29","Cs.enc",NA
"1889","2022-01-30","Cs.enc",4.7
"1890","2022-01-31","Cs.enc",4.2
"1891","2022-01-31","Cs.enc",6.9
"1892","2022-02-01","Cs.enc",4.4
"1893","2022-02-01","Cs.enc",4.8
"1894","2022-02-02","Cs.enc",4
"1895","2022-02-02","Cs.enc",4.9
"1896","2022-02-02","Cs.enc",7.6
"1897","2022-02-03","Cs.enc",4.6
"1898","2022-02-03","Cs.enc",4.1
"1899","2022-02-03","Cs.enc",4.1
"1900","2022-02-04","Cs.enc",4.3
"1901","2022-02-04","Cs.enc",4.3
"1902","2022-02-05","Cs.enc",5.2
"1903","2022-02-06","Cs.enc",5.1
"1904","2022-02-07","Cs.enc",NA
"1905","2021-10-25","PP.enc",36.8
"1906","2021-10-26","PP.enc",NA
"1907","2021-10-27","PP.enc",NA
"1908","2021-10-28","PP.enc",NA
"1909","2021-10-29","PP.enc",NA
"1910","2021-10-30","PP.enc",NA
"1911","2021-10-31","PP.enc",NA
"1912","2021-11-01","PP.enc",NA
"1913","2021-11-02","PP.enc",NA
"1914","2021-11-03","PP.enc",NA
"1915","2021-11-04","PP.enc",NA
"1916","2021-11-05","PP.enc",NA
"1917","2021-11-06","PP.enc",NA
"1918","2021-11-07","PP.enc",NA
"1919","2021-11-08","PP.enc",NA
"1920","2021-11-09","PP.enc",NA
"1921","2021-11-10","PP.enc",NA
"1922","2021-11-11","PP.enc",NA
"1923","2021-11-12","PP.enc",40.9
"1924","2021-11-13","PP.enc",NA
"1925","2021-11-14","PP.enc",NA
"1926","2021-11-15","PP.enc",NA
"1927","2021-11-16","PP.enc",NA
"1928","2021-11-17","PP.enc",NA
"1929","2021-11-18","PP.enc",NA
"1930","2021-11-19","PP.enc",NA
"1931","2021-11-20","PP.enc",NA
"1932","2021-11-21","PP.enc",NA
"1933","2021-11-22","PP.enc",NA
"1934","2021-11-23","PP.enc",NA
"1935","2021-11-24","PP.enc",NA
"1936","2021-11-25","PP.enc",NA
"1937","2021-11-26","PP.enc",NA
"1938","2021-11-27","PP.enc",NA
"1939","2021-11-28","PP.enc",NA
"1940","2021-11-29","PP.enc",NA
"1941","2021-11-30","PP.enc",NA
"1942","2021-12-01","PP.enc",NA
"1943","2021-12-02","PP.enc",NA
"1944","2021-12-03","PP.enc",NA
"1945","2021-12-04","PP.enc",NA
"1946","2021-12-05","PP.enc",NA
"1947","2021-12-06","PP.enc",NA
"1948","2021-12-07","PP.enc",NA
"1949","2021-12-08","PP.enc",NA
"1950","2021-12-09","PP.enc",NA
"1951","2021-12-10","PP.enc",NA
"1952","2021-12-11","PP.enc",NA
"1953","2021-12-12","PP.enc",NA
"1954","2021-12-13","PP.enc",NA
"1955","2021-12-14","PP.enc",NA
"1956","2021-12-15","PP.enc",40.1
"1957","2021-12-16","PP.enc",NA
"1958","2021-12-17","PP.enc",NA
"1959","2021-12-18","PP.enc",NA
"1960","2021-12-19","PP.enc",NA
"1961","2021-12-20","PP.enc",40.7
"1962","2021-12-20","PP.enc",37.6
"1963","2021-12-21","PP.enc",40.1
"1964","2021-12-22","PP.enc",39.2
"1965","2021-12-23","PP.enc",39.2
"1966","2021-12-23","PP.enc",40.3
"1967","2021-12-23","PP.enc",37.1
"1968","2021-12-24","PP.enc",NA
"1969","2021-12-25","PP.enc",NA
"1970","2021-12-26","PP.enc",35
"1971","2021-12-27","PP.enc",NA
"1972","2021-12-28","PP.enc",NA
"1973","2021-12-29","PP.enc",NA
"1974","2021-12-30","PP.enc",NA
"1975","2021-12-31","PP.enc",NA
"1976","2022-01-01","PP.enc",NA
"1977","2022-01-02","PP.enc",34.7
"1978","2022-01-03","PP.enc",NA
"1979","2022-01-04","PP.enc",NA
"1980","2022-01-05","PP.enc",NA
"1981","2022-01-06","PP.enc",40.1
"1982","2022-01-07","PP.enc",39.3
"1983","2022-01-08","PP.enc",NA
"1984","2022-01-09","PP.enc",34.9
"1985","2022-01-10","PP.enc",NA
"1986","2022-01-11","PP.enc",NA
"1987","2022-01-12","PP.enc",NA
"1988","2022-01-13","PP.enc",NA
"1989","2022-01-14","PP.enc",40.8
"1990","2022-01-15","PP.enc",NA
"1991","2022-01-16","PP.enc",33.7
"1992","2022-01-17","PP.enc",NA
"1993","2022-01-18","PP.enc",33.2
"1994","2022-01-19","PP.enc",35
"1995","2022-01-20","PP.enc",NA
"1996","2022-01-21","PP.enc",35.7
"1997","2022-01-21","PP.enc",38.5
"1998","2022-01-22","PP.enc",29.8
"1999","2022-01-23","PP.enc",32.2
"2000","2022-01-24","PP.enc",35.9
"2001","2022-01-25","PP.enc",30.8
"2002","2022-01-25","PP.enc",39.2
"2003","2022-01-25","PP.enc",33.8
"2004","2022-01-26","PP.enc",NA
"2005","2022-01-27","PP.enc",NA
"2006","2022-01-28","PP.enc",38.7
"2007","2022-01-29","PP.enc",NA
"2008","2022-01-30","PP.enc",31
"2009","2022-01-31","PP.enc",33.3
"2010","2022-01-31","PP.enc",34.7
"2011","2022-02-01","PP.enc",38.4
"2012","2022-02-01","PP.enc",31
"2013","2022-02-02","PP.enc",30.8
"2014","2022-02-02","PP.enc",32.7
"2015","2022-02-02","PP.enc",29.7
"2016","2022-02-03","PP.enc",33.5
"2017","2022-02-03","PP.enc",36.5
"2018","2022-02-03","PP.enc",33.8
"2019","2022-02-04","PP.enc",36.1
"2020","2022-02-04","PP.enc",34.7
"2021","2022-02-05","PP.enc",33.2
"2022","2022-02-06","PP.enc",31.3
"2023","2022-02-07","PP.enc",NA
"2024","2021-10-25","PSOE.enc",30
"2025","2021-10-26","PSOE.enc",NA
"2026","2021-10-27","PSOE.enc",NA
"2027","2021-10-28","PSOE.enc",NA
"2028","2021-10-29","PSOE.enc",NA
"2029","2021-10-30","PSOE.enc",NA
"2030","2021-10-31","PSOE.enc",NA
"2031","2021-11-01","PSOE.enc",NA
"2032","2021-11-02","PSOE.enc",NA
"2033","2021-11-03","PSOE.enc",NA
"2034","2021-11-04","PSOE.enc",NA
"2035","2021-11-05","PSOE.enc",NA
"2036","2021-11-06","PSOE.enc",NA
"2037","2021-11-07","PSOE.enc",NA
"2038","2021-11-08","PSOE.enc",NA
"2039","2021-11-09","PSOE.enc",NA
"2040","2021-11-10","PSOE.enc",NA
"2041","2021-11-11","PSOE.enc",NA
"2042","2021-11-12","PSOE.enc",31.1
"2043","2021-11-13","PSOE.enc",NA
"2044","2021-11-14","PSOE.enc",NA
"2045","2021-11-15","PSOE.enc",NA
"2046","2021-11-16","PSOE.enc",NA
"2047","2021-11-17","PSOE.enc",NA
"2048","2021-11-18","PSOE.enc",NA
"2049","2021-11-19","PSOE.enc",NA
"2050","2021-11-20","PSOE.enc",NA
"2051","2021-11-21","PSOE.enc",NA
"2052","2021-11-22","PSOE.enc",NA
"2053","2021-11-23","PSOE.enc",NA
"2054","2021-11-24","PSOE.enc",NA
"2055","2021-11-25","PSOE.enc",NA
"2056","2021-11-26","PSOE.enc",NA
"2057","2021-11-27","PSOE.enc",NA
"2058","2021-11-28","PSOE.enc",NA
"2059","2021-11-29","PSOE.enc",NA
"2060","2021-11-30","PSOE.enc",NA
"2061","2021-12-01","PSOE.enc",NA
"2062","2021-12-02","PSOE.enc",NA
"2063","2021-12-03","PSOE.enc",NA
"2064","2021-12-04","PSOE.enc",NA
"2065","2021-12-05","PSOE.enc",NA
"2066","2021-12-06","PSOE.enc",NA
"2067","2021-12-07","PSOE.enc",NA
"2068","2021-12-08","PSOE.enc",NA
"2069","2021-12-09","PSOE.enc",NA
"2070","2021-12-10","PSOE.enc",NA
"2071","2021-12-11","PSOE.enc",NA
"2072","2021-12-12","PSOE.enc",NA
"2073","2021-12-13","PSOE.enc",NA
"2074","2021-12-14","PSOE.enc",NA
"2075","2021-12-15","PSOE.enc",30
"2076","2021-12-16","PSOE.enc",NA
"2077","2021-12-17","PSOE.enc",NA
"2078","2021-12-18","PSOE.enc",NA
"2079","2021-12-19","PSOE.enc",NA
"2080","2021-12-20","PSOE.enc",28.7
"2081","2021-12-20","PSOE.enc",31.3
"2082","2021-12-21","PSOE.enc",32.3
"2083","2021-12-22","PSOE.enc",31.8
"2084","2021-12-23","PSOE.enc",29.8
"2085","2021-12-23","PSOE.enc",31.9
"2086","2021-12-23","PSOE.enc",29.2
"2087","2021-12-24","PSOE.enc",NA
"2088","2021-12-25","PSOE.enc",NA
"2089","2021-12-26","PSOE.enc",32.4
"2090","2021-12-27","PSOE.enc",NA
"2091","2021-12-28","PSOE.enc",NA
"2092","2021-12-29","PSOE.enc",NA
"2093","2021-12-30","PSOE.enc",NA
"2094","2021-12-31","PSOE.enc",NA
"2095","2022-01-01","PSOE.enc",NA
"2096","2022-01-02","PSOE.enc",32.2
"2097","2022-01-03","PSOE.enc",NA
"2098","2022-01-04","PSOE.enc",NA
"2099","2022-01-05","PSOE.enc",NA
"2100","2022-01-06","PSOE.enc",28.9
"2101","2022-01-07","PSOE.enc",30.7
"2102","2022-01-08","PSOE.enc",NA
"2103","2022-01-09","PSOE.enc",29.6
"2104","2022-01-10","PSOE.enc",NA
"2105","2022-01-11","PSOE.enc",NA
"2106","2022-01-12","PSOE.enc",NA
"2107","2022-01-13","PSOE.enc",NA
"2108","2022-01-14","PSOE.enc",29.1
"2109","2022-01-15","PSOE.enc",NA
"2110","2022-01-16","PSOE.enc",28.8
"2111","2022-01-17","PSOE.enc",NA
"2112","2022-01-18","PSOE.enc",28.4
"2113","2022-01-19","PSOE.enc",28.9
"2114","2022-01-20","PSOE.enc",NA
"2115","2022-01-21","PSOE.enc",29.9
"2116","2022-01-21","PSOE.enc",28.3
"2117","2022-01-22","PSOE.enc",30.8
"2118","2022-01-23","PSOE.enc",27.9
"2119","2022-01-24","PSOE.enc",28
"2120","2022-01-25","PSOE.enc",27.8
"2121","2022-01-25","PSOE.enc",29.7
"2122","2022-01-25","PSOE.enc",27.8
"2123","2022-01-26","PSOE.enc",NA
"2124","2022-01-27","PSOE.enc",NA
"2125","2022-01-28","PSOE.enc",28.6
"2126","2022-01-29","PSOE.enc",NA
"2127","2022-01-30","PSOE.enc",27.4
"2128","2022-01-31","PSOE.enc",28.2
"2129","2022-01-31","PSOE.enc",31
"2130","2022-02-01","PSOE.enc",28.7
"2131","2022-02-01","PSOE.enc",26.4
"2132","2022-02-02","PSOE.enc",29.7
"2133","2022-02-02","PSOE.enc",27.2
"2134","2022-02-02","PSOE.enc",30.1
"2135","2022-02-03","PSOE.enc",27.9
"2136","2022-02-03","PSOE.enc",29.4
"2137","2022-02-03","PSOE.enc",29.3
"2138","2022-02-04","PSOE.enc",28.9
"2139","2022-02-04","PSOE.enc",28
"2140","2022-02-05","PSOE.enc",28.1
"2141","2022-02-06","PSOE.enc",26.2
"2142","2022-02-07","PSOE.enc",NA
"2143","2021-10-25","UP.enc",5
"2144","2021-10-26","UP.enc",NA
"2145","2021-10-27","UP.enc",NA
"2146","2021-10-28","UP.enc",NA
"2147","2021-10-29","UP.enc",NA
"2148","2021-10-30","UP.enc",NA
"2149","2021-10-31","UP.enc",NA
"2150","2021-11-01","UP.enc",NA
"2151","2021-11-02","UP.enc",NA
"2152","2021-11-03","UP.enc",NA
"2153","2021-11-04","UP.enc",NA
"2154","2021-11-05","UP.enc",NA
"2155","2021-11-06","UP.enc",NA
"2156","2021-11-07","UP.enc",NA
"2157","2021-11-08","UP.enc",NA
"2158","2021-11-09","UP.enc",NA
"2159","2021-11-10","UP.enc",NA
"2160","2021-11-11","UP.enc",NA
"2161","2021-11-12","UP.enc",6.1
"2162","2021-11-13","UP.enc",NA
"2163","2021-11-14","UP.enc",NA
"2164","2021-11-15","UP.enc",NA
"2165","2021-11-16","UP.enc",NA
"2166","2021-11-17","UP.enc",NA
"2167","2021-11-18","UP.enc",NA
"2168","2021-11-19","UP.enc",NA
"2169","2021-11-20","UP.enc",NA
"2170","2021-11-21","UP.enc",NA
"2171","2021-11-22","UP.enc",NA
"2172","2021-11-23","UP.enc",NA
"2173","2021-11-24","UP.enc",NA
"2174","2021-11-25","UP.enc",NA
"2175","2021-11-26","UP.enc",NA
"2176","2021-11-27","UP.enc",NA
"2177","2021-11-28","UP.enc",NA
"2178","2021-11-29","UP.enc",NA
"2179","2021-11-30","UP.enc",NA
"2180","2021-12-01","UP.enc",NA
"2181","2021-12-02","UP.enc",NA
"2182","2021-12-03","UP.enc",NA
"2183","2021-12-04","UP.enc",NA
"2184","2021-12-05","UP.enc",NA
"2185","2021-12-06","UP.enc",NA
"2186","2021-12-07","UP.enc",NA
"2187","2021-12-08","UP.enc",NA
"2188","2021-12-09","UP.enc",NA
"2189","2021-12-10","UP.enc",NA
"2190","2021-12-11","UP.enc",NA
"2191","2021-12-12","UP.enc",NA
"2192","2021-12-13","UP.enc",NA
"2193","2021-12-14","UP.enc",NA
"2194","2021-12-15","UP.enc",6.3
"2195","2021-12-16","UP.enc",NA
"2196","2021-12-17","UP.enc",NA
"2197","2021-12-18","UP.enc",NA
"2198","2021-12-19","UP.enc",NA
"2199","2021-12-20","UP.enc",5.9
"2200","2021-12-20","UP.enc",6.2
"2201","2021-12-21","UP.enc",6.2
"2202","2021-12-22","UP.enc",5.1
"2203","2021-12-23","UP.enc",5.6
"2204","2021-12-23","UP.enc",5.7
"2205","2021-12-23","UP.enc",7.6
"2206","2021-12-24","UP.enc",NA
"2207","2021-12-25","UP.enc",NA
"2208","2021-12-26","UP.enc",5.8
"2209","2021-12-27","UP.enc",NA
"2210","2021-12-28","UP.enc",NA
"2211","2021-12-29","UP.enc",NA
"2212","2021-12-30","UP.enc",NA
"2213","2021-12-31","UP.enc",NA
"2214","2022-01-01","UP.enc",NA
"2215","2022-01-02","UP.enc",5.7
"2216","2022-01-03","UP.enc",NA
"2217","2022-01-04","UP.enc",NA
"2218","2022-01-05","UP.enc",NA
"2219","2022-01-06","UP.enc",5.5
"2220","2022-01-07","UP.enc",7
"2221","2022-01-08","UP.enc",NA
"2222","2022-01-09","UP.enc",6.4
"2223","2022-01-10","UP.enc",NA
"2224","2022-01-11","UP.enc",NA
"2225","2022-01-12","UP.enc",NA
"2226","2022-01-13","UP.enc",NA
"2227","2022-01-14","UP.enc",6
"2228","2022-01-15","UP.enc",NA
"2229","2022-01-16","UP.enc",6.4
"2230","2022-01-17","UP.enc",NA
"2231","2022-01-18","UP.enc",6.7
"2232","2022-01-19","UP.enc",7.3
"2233","2022-01-20","UP.enc",NA
"2234","2022-01-21","UP.enc",7.1
"2235","2022-01-21","UP.enc",6.3
"2236","2022-01-22","UP.enc",8.7
"2237","2022-01-23","UP.enc",7.6
"2238","2022-01-24","UP.enc",6.6
"2239","2022-01-25","UP.enc",7.9
"2240","2022-01-25","UP.enc",7
"2241","2022-01-25","UP.enc",7.5
"2242","2022-01-26","UP.enc",NA
"2243","2022-01-27","UP.enc",NA
"2244","2022-01-28","UP.enc",6.3
"2245","2022-01-29","UP.enc",NA
"2246","2022-01-30","UP.enc",8.2
"2247","2022-01-31","UP.enc",6.6
"2248","2022-01-31","UP.enc",6.8
"2249","2022-02-01","UP.enc",6.2
"2250","2022-02-01","UP.enc",8.6
"2251","2022-02-02","UP.enc",7.1
"2252","2022-02-02","UP.enc",7.8
"2253","2022-02-02","UP.enc",7.2
"2254","2022-02-03","UP.enc",7.7
"2255","2022-02-03","UP.enc",6.5
"2256","2022-02-03","UP.enc",7.4
"2257","2022-02-04","UP.enc",7.4
"2258","2022-02-04","UP.enc",6.5
"2259","2022-02-05","UP.enc",7.4
"2260","2022-02-06","UP.enc",8.4
"2261","2022-02-07","UP.enc",NA
"2262","2021-10-25","Vox.enc",14.3
"2263","2021-10-26","Vox.enc",NA
"2264","2021-10-27","Vox.enc",NA
"2265","2021-10-28","Vox.enc",NA
"2266","2021-10-29","Vox.enc",NA
"2267","2021-10-30","Vox.enc",NA
"2268","2021-10-31","Vox.enc",NA
"2269","2021-11-01","Vox.enc",NA
"2270","2021-11-02","Vox.enc",NA
"2271","2021-11-03","Vox.enc",NA
"2272","2021-11-04","Vox.enc",NA
"2273","2021-11-05","Vox.enc",NA
"2274","2021-11-06","Vox.enc",NA
"2275","2021-11-07","Vox.enc",NA
"2276","2021-11-08","Vox.enc",NA
"2277","2021-11-09","Vox.enc",NA
"2278","2021-11-10","Vox.enc",NA
"2279","2021-11-11","Vox.enc",NA
"2280","2021-11-12","Vox.enc",8.6
"2281","2021-11-13","Vox.enc",NA
"2282","2021-11-14","Vox.enc",NA
"2283","2021-11-15","Vox.enc",NA
"2284","2021-11-16","Vox.enc",NA
"2285","2021-11-17","Vox.enc",NA
"2286","2021-11-18","Vox.enc",NA
"2287","2021-11-19","Vox.enc",NA
"2288","2021-11-20","Vox.enc",NA
"2289","2021-11-21","Vox.enc",NA
"2290","2021-11-22","Vox.enc",NA
"2291","2021-11-23","Vox.enc",NA
"2292","2021-11-24","Vox.enc",NA
"2293","2021-11-25","Vox.enc",NA
"2294","2021-11-26","Vox.enc",NA
"2295","2021-11-27","Vox.enc",NA
"2296","2021-11-28","Vox.enc",NA
"2297","2021-11-29","Vox.enc",NA
"2298","2021-11-30","Vox.enc",NA
"2299","2021-12-01","Vox.enc",NA
"2300","2021-12-02","Vox.enc",NA
"2301","2021-12-03","Vox.enc",NA
"2302","2021-12-04","Vox.enc",NA
"2303","2021-12-05","Vox.enc",NA
"2304","2021-12-06","Vox.enc",NA
"2305","2021-12-07","Vox.enc",NA
"2306","2021-12-08","Vox.enc",NA
"2307","2021-12-09","Vox.enc",NA
"2308","2021-12-10","Vox.enc",NA
"2309","2021-12-11","Vox.enc",NA
"2310","2021-12-12","Vox.enc",NA
"2311","2021-12-13","Vox.enc",NA
"2312","2021-12-14","Vox.enc",NA
"2313","2021-12-15","Vox.enc",13.6
"2314","2021-12-16","Vox.enc",NA
"2315","2021-12-17","Vox.enc",NA
"2316","2021-12-18","Vox.enc",NA
"2317","2021-12-19","Vox.enc",NA
"2318","2021-12-20","Vox.enc",12.4
"2319","2021-12-20","Vox.enc",14.4
"2320","2021-12-21","Vox.enc",9.7
"2321","2021-12-22","Vox.enc",12.1
"2322","2021-12-23","Vox.enc",13.5
"2323","2021-12-23","Vox.enc",10.4
"2324","2021-12-23","Vox.enc",14
"2325","2021-12-24","Vox.enc",NA
"2326","2021-12-25","Vox.enc",NA
"2327","2021-12-26","Vox.enc",14.3
"2328","2021-12-27","Vox.enc",NA
"2329","2021-12-28","Vox.enc",NA
"2330","2021-12-29","Vox.enc",NA
"2331","2021-12-30","Vox.enc",NA
"2332","2021-12-31","Vox.enc",NA
"2333","2022-01-01","Vox.enc",NA
"2334","2022-01-02","Vox.enc",14.3
"2335","2022-01-03","Vox.enc",NA
"2336","2022-01-04","Vox.enc",NA
"2337","2022-01-05","Vox.enc",NA
"2338","2022-01-06","Vox.enc",12.8
"2339","2022-01-07","Vox.enc",11.1
"2340","2022-01-08","Vox.enc",NA
"2341","2022-01-09","Vox.enc",14.1
"2342","2022-01-10","Vox.enc",NA
"2343","2022-01-11","Vox.enc",NA
"2344","2022-01-12","Vox.enc",NA
"2345","2022-01-13","Vox.enc",NA
"2346","2022-01-14","Vox.enc",13.1
"2347","2022-01-15","Vox.enc",NA
"2348","2022-01-16","Vox.enc",14.9
"2349","2022-01-17","Vox.enc",NA
"2350","2022-01-18","Vox.enc",14.9
"2351","2022-01-19","Vox.enc",12.2
"2352","2022-01-20","Vox.enc",NA
"2353","2022-01-21","Vox.enc",13
"2354","2022-01-21","Vox.enc",13.2
"2355","2022-01-22","Vox.enc",9.3
"2356","2022-01-23","Vox.enc",16
"2357","2022-01-24","Vox.enc",14
"2358","2022-01-25","Vox.enc",16.2
"2359","2022-01-25","Vox.enc",12.3
"2360","2022-01-25","Vox.enc",14.1
"2361","2022-01-26","Vox.enc",NA
"2362","2022-01-27","Vox.enc",NA
"2363","2022-01-28","Vox.enc",13.1
"2364","2022-01-29","Vox.enc",NA
"2365","2022-01-30","Vox.enc",16.8
"2366","2022-01-31","Vox.enc",15.1
"2367","2022-01-31","Vox.enc",10.3
"2368","2022-02-01","Vox.enc",12.7
"2369","2022-02-01","Vox.enc",16.8
"2370","2022-02-02","Vox.enc",13.4
"2371","2022-02-02","Vox.enc",15.2
"2372","2022-02-02","Vox.enc",11
"2373","2022-02-03","Vox.enc",15.9
"2374","2022-02-03","Vox.enc",12.8
"2375","2022-02-03","Vox.enc",13.1
"2376","2022-02-04","Vox.enc",15.1
"2377","2022-02-04","Vox.enc",14.7
"2378","2022-02-05","Vox.enc",14.3
"2379","2022-02-06","Vox.enc",16.9
"2380","2022-02-07","Vox.enc",NA
